node_id,type,deg,indeg,outdeg,stre,instre,outstre,degree,degree_rank,indegree,indegree_rank,outdegree,outdegree_rank,strength,strength_rank,instrength,instrength_rank,outstrength,outstrength_rank,betweenness,betweenness_rank,closeness,closeness_rank,eigenvector,eigenvector_rank,hits_hubs,hits_hubs_rank,hits_authorities,hits_authorities_rank,pagerank,pagerank_rank
0,normal,25,13,12,22077.78129297799,13424.25462111227,8653.52667186572,0.11848341232227488,134.0,0.06161137440758294,109.0,0.05687203791469195,135.0,22077.78129297799,93.0,13424.25462111227,47.0,8653.52667186572,155.0,0.005440895924875531,138.0,0.42886178861788615,118.0,0.06143356879765025,127.0,0.0031995759417224826,168.0,0.007896656176573813,16.0,0.004616157449091325,102.0
1,normal,20,10,10,12169.557280501358,5218.757026519152,6950.800253982206,0.09478672985781991,193.0,0.047393364928909956,165.0,0.047393364928909956,177.0,12169.557280501358,209.0,5218.757026519152,206.0,6950.800253982206,186.0,0.0036100519243232373,186.0,0.4153543307086614,161.0,0.04998804557115733,170.0,0.002308385017947326,201.0,0.0026249213863791475,183.0,0.0026098617041326404,202.0
2,normal,20,8,12,15687.031735874845,8397.004221338591,7290.027514536254,0.09478672985781991,193.0,0.037914691943127965,197.0,0.05687203791469195,135.0,15687.031735874845,194.0,8397.004221338591,155.0,7290.027514536254,182.0,0.002860329697990568,201.0,0.3914656771799629,209.0,0.03777860196277966,207.0,0.0033364192679851976,161.0,0.0034567598541881315,146.0,0.003254960260295644,181.0
3,normal,28,12,16,27425.344595707145,13156.335391612274,14269.00920409487,0.13270142180094788,79.0,0.05687203791469195,127.0,0.07582938388625593,42.0,27425.344595707145,27.0,13156.335391612274,51.0,14269.00920409487,31.0,0.007897804225126768,44.0,0.42115768463073855,140.0,0.05670857125148782,144.0,0.005728864897313107,55.0,0.004670486022829659,93.0,0.008082398028857385,6.0
4,normal,23,13,10,18563.823392505,8328.344857227896,10235.478535277107,0.1090047393364929,169.0,0.06161137440758294,109.0,0.047393364928909956,177.0,18563.823392505,155.0,8328.344857227896,158.0,10235.478535277107,115.0,0.004441462211224463,170.0,0.4395833333333333,78.0,0.0666795542520915,104.0,0.006137174311816807,44.0,0.002447247659111279,194.0,0.006001844287860479,39.0
5,normal,29,12,17,21940.732467184607,9189.17086058271,12751.561606601896,0.13744075829383887,69.0,0.05687203791469195,127.0,0.08056872037914692,25.0,21940.732467184607,98.0,9189.17086058271,135.0,12751.561606601896,52.0,0.00717583844234874,69.0,0.422,137.0,0.05321528937996056,155.0,0.004858347064838188,88.0,0.0036742909530654826,138.0,0.0035848412446046083,164.0
6,normal,27,15,12,19595.504378964673,10878.746390628849,8716.757988335825,0.1279620853080569,99.0,0.07109004739336494,60.0,0.05687203791469195,135.0,19595.504378964673,137.0,10878.746390628849,92.0,8716.757988335825,153.0,0.007781621374963043,49.0,0.4451476793248945,59.0,0.08113387950097443,45.0,0.003961662919144166,129.0,0.004859509408645276,86.0,0.00534075357465662,62.0
7,normal,30,12,18,25868.185758026186,14216.113532205984,11652.072225820202,0.14218009478672988,52.0,0.05687203791469195,127.0,0.08530805687203792,18.0,25868.185758026186,36.0,14216.113532205984,39.0,11652.072225820202,84.0,0.006819403341513175,80.0,0.41699604743083,153.0,0.055655295471596214,145.0,0.005841257392806532,53.0,0.006425866911586845,39.0,0.006363216605460018,30.0
8,normal,20,9,11,15983.799987491406,6145.245288611391,9838.554698880016,0.09478672985781991,193.0,0.04265402843601896,183.0,0.05213270142180095,157.0,15983.799987491406,191.0,6145.245288611391,195.0,9838.554698880016,126.0,0.0033689513647604196,191.0,0.40655105973025046,181.0,0.04649343159778941,181.0,0.00490729711805259,86.0,0.0029178152122942454,176.0,0.0032946236019389665,179.0
9,normal,33,20,13,30423.99392013687,18272.841626852285,12151.152293284584,0.15639810426540285,18.0,0.09478672985781991,10.0,0.06161137440758294,104.0,30423.99392013687,14.0,18272.841626852285,8.0,12151.152293284584,70.0,0.007829753760149716,47.0,0.47737556561085975,3.0,0.09980584186777394,8.0,0.0063042714730753265,41.0,0.007374011669391345,24.0,0.01001335080737019,2.0
10,normal,24,12,12,16877.78152885181,8090.74635877257,8787.03517007924,0.1137440758293839,156.0,0.05687203791469195,127.0,0.05687203791469195,135.0,16877.78152885181,174.0,8090.74635877257,162.0,8787.03517007924,150.0,0.00458874313597549,163.0,0.4228456913827655,136.0,0.058909121407569265,135.0,0.002413997411714459,197.0,0.0034414897227278236,149.0,0.0034009646922056195,173.0
11,normal,31,14,17,20603.6721414077,9005.413611489888,11598.258529917812,0.14691943127962087,36.0,0.06635071090047394,86.0,0.08056872037914692,25.0,20603.6721414077,122.0,9005.413611489888,138.0,11598.258529917812,87.0,0.00797596422557066,42.0,0.43775933609958506,85.0,0.0669274811338957,100.0,0.0045723255655762025,105.0,0.003269282400700493,157.0,0.005246880947790606,71.0
12,normal,24,10,14,20872.826190151096,8589.52353604837,12283.302654102727,0.1137440758293839,156.0,0.047393364928909956,165.0,0.06635071090047394,78.0,20872.826190151096,117.0,8589.52353604837,149.0,12283.302654102727,63.0,0.00469736685812418,155.0,0.4178217821782178,149.0,0.055606469811024475,146.0,0.005272638566267631,69.0,0.0038452693204926803,132.0,0.004464774655193876,110.0
13,normal,27,12,15,22446.725071778495,8060.136593429371,14386.588478349124,0.1279620853080569,99.0,0.05687203791469195,127.0,0.07109004739336494,60.0,22446.725071778495,82.0,8060.136593429371,164.0,14386.588478349124,28.0,0.00590828160981067,114.0,0.4153543307086614,161.0,0.049685398398728646,171.0,0.006598395212171864,32.0,0.0025541795493549697,185.0,0.0036178530444660297,161.0
14,normal,22,9,13,15139.002313453231,6074.674714982877,9064.327598470354,0.1042654028436019,177.0,0.04265402843601896,183.0,0.06161137440758294,104.0,15139.002313453231,197.0,6074.674714982877,198.0,9064.327598470354,143.0,0.004211303649833856,177.0,0.41130604288499023,171.0,0.0491480322357784,172.0,0.003462947462191665,151.0,0.0016909878497504338,209.0,0.004054346325767156,134.0
15,normal,27,16,11,23131.072250988902,11107.481735458032,12023.590515530872,0.1279620853080569,99.0,0.07582938388625593,42.0,0.05213270142180095,157.0,23131.072250988902,70.0,11107.481735458032,87.0,12023.590515530872,75.0,0.007173841768534447,70.0,0.44234800838574423,70.0,0.08024173429620643,50.0,0.006132823946551987,45.0,0.004298329324614715,114.0,0.005336373212433306,64.0
16,normal,36,19,17,32879.57275370452,18068.853603756623,14810.719149947894,0.17061611374407584,11.0,0.09004739336492892,12.0,0.08056872037914692,25.0,32879.57275370452,4.0,18068.853603756623,10.0,14810.719149947894,23.0,0.010710242446269608,12.0,0.46271929824561403,19.0,0.09832965906969166,10.0,0.006933921409664914,26.0,0.009133159474082582,7.0,0.006908981581568782,16.0
17,normal,30,14,16,22650.66308935354,9768.88598919172,12881.777100161818,0.14218009478672988,52.0,0.06635071090047394,86.0,0.07582938388625593,42.0,22650.66308935354,77.0,9768.88598919172,124.0,12881.777100161818,49.0,0.008086693188939589,37.0,0.4271255060728745,123.0,0.058792634601006075,136.0,0.005216274475592213,74.0,0.0035238583497745873,143.0,0.003913342169700675,141.0
18,normal,28,16,12,21950.99233973823,12111.72743543146,9839.26490430677,0.13270142180094788,79.0,0.07582938388625593,42.0,0.05687203791469195,135.0,21950.99233973823,97.0,12111.72743543146,70.0,9839.26490430677,125.0,0.005823045124254569,117.0,0.44893617021276594,42.0,0.08090019187460215,47.0,0.0037180481520800324,140.0,0.006474785476927357,37.0,0.004841273683870453,92.0
19,normal,26,15,11,24116.235767825834,14785.16035114541,9331.075416680425,0.12322274881516589,120.0,0.07109004739336494,60.0,0.05213270142180095,157.0,24116.235767825834,57.0,14785.16035114541,33.0,9331.075416680425,139.0,0.006895927154076738,79.0,0.44234800838574423,70.0,0.07499495655321536,67.0,0.0036429455509859186,142.0,0.0064391183132534655,38.0,0.006627552714564882,23.0
20,normal,25,15,10,26230.35053056349,13675.506686766486,12554.843843797005,0.11848341232227488,134.0,0.07109004739336494,60.0,0.047393364928909956,177.0,26230.35053056349,33.0,13675.506686766486,43.0,12554.843843797005,56.0,0.004626888173303157,160.0,0.4245472837022133,132.0,0.06446105012724743,116.0,0.006250541919371245,42.0,0.005384658146963527,66.0,0.004617256375482854,101.0
21,normal,30,16,14,16445.609136868617,9594.861342150678,6850.7477947179395,0.14218009478672988,52.0,0.07582938388625593,42.0,0.06635071090047394,78.0,16445.609136868617,182.0,9594.861342150678,126.0,6850.7477947179395,187.0,0.007651094710411699,54.0,0.4647577092511013,16.0,0.0847046076828466,31.0,0.0026913350548414703,189.0,0.004131221725724924,120.0,0.004533176225325771,107.0
22,normal,25,8,17,22343.872515065355,5584.561506753422,16759.311008311935,0.11848341232227488,134.0,0.037914691943127965,197.0,0.08056872037914692,25.0,22343.872515065355,85.0,5584.561506753422,203.0,16759.311008311935,13.0,0.004847765836409091,151.0,0.3966165413533835,203.0,0.038024927032152954,205.0,0.008098750499830996,9.0,0.002492132116601207,189.0,0.002610822251481653,201.0
23,normal,28,14,14,18568.1513560333,7593.066909647384,10975.084446385918,0.13270142180094788,79.0,0.06635071090047394,86.0,0.06635071090047394,78.0,18568.1513560333,154.0,7593.066909647384,173.0,10975.084446385918,100.0,0.0075058736557332695,57.0,0.44234800838574423,70.0,0.07494116163427222,68.0,0.004994289882959628,82.0,0.002484639717004855,190.0,0.004276077325612252,120.0
24,normal,18,8,10,14659.894539425084,6014.9153726454615,8644.979166779623,0.08530805687203792,204.0,0.037914691943127965,197.0,0.047393364928909956,177.0,14659.894539425084,201.0,6014.9153726454615,199.0,8644.979166779623,156.0,0.0023155262439518006,207.0,0.394392523364486,206.0,0.03602213058267854,210.0,0.002864003679216806,178.0,0.002474706202592143,191.0,0.002548797946657324,204.0
25,normal,28,17,11,24869.60631302037,12982.96713677507,11886.639176245299,0.13270142180094788,79.0,0.08056872037914692,30.0,0.05213270142180095,157.0,24869.60631302037,48.0,12982.96713677507,57.0,11886.639176245299,76.0,0.006586406259309289,90.0,0.45376344086021503,30.0,0.08793065399538036,26.0,0.004434254077902565,108.0,0.006084740761821788,47.0,0.005353216492325526,61.0
26,normal,20,9,11,22164.163805580596,13123.781001831723,9040.382803748871,0.09478672985781991,193.0,0.04265402843601896,183.0,0.05213270142180095,157.0,22164.163805580596,90.0,13123.781001831723,53.0,9040.382803748871,144.0,0.0028332181301958578,202.0,0.4026717557251908,187.0,0.04399945385277689,188.0,0.004324075578698203,117.0,0.00597633413363453,51.0,0.00499427182105671,81.0
27,normal,31,19,12,32705.563334652812,16891.91741730435,15813.645917348462,0.14691943127962087,36.0,0.09004739336492892,12.0,0.05687203791469195,135.0,32705.563334652812,7.0,16891.91741730435,13.0,15813.645917348462,16.0,0.00703119202490369,76.0,0.45770065075921906,24.0,0.09358052914634307,18.0,0.00671405494600566,30.0,0.007769636559610889,19.0,0.006454377002663815,27.0
28,normal,40,24,16,25825.0654949464,14177.457341344241,11647.608153602157,0.18957345971563982,3.0,0.1137440758293839,1.0,0.07582938388625593,42.0,25825.0654949464,37.0,14177.457341344241,40.0,11647.608153602157,85.0,0.012171613987187347,5.0,0.47737556561085975,3.0,0.10394906451644075,4.0,0.005741484657046123,54.0,0.006519339954762508,36.0,0.005198713888958003,72.0
29,normal,22,9,13,14840.180736428307,5349.32688767746,9490.853848750847,0.1042654028436019,177.0,0.04265402843601896,183.0,0.06161137440758294,104.0,14840.180736428307,199.0,5349.32688767746,205.0,9490.853848750847,133.0,0.00435585920233664,172.0,0.40037950664136623,196.0,0.040469218841803364,198.0,0.0033704093870242794,158.0,0.002468464025494029,192.0,0.0025923530208665697,203.0
30,normal,30,15,15,24740.46533602899,13359.111376861492,11381.353959167498,0.14218009478672988,52.0,0.07109004739336494,60.0,0.07109004739336494,60.0,24740.46533602899,49.0,13359.111376861492,49.0,11381.353959167498,89.0,0.007040230772317359,75.0,0.4405010438413361,74.0,0.0715040834090423,87.0,0.005138584503543253,77.0,0.006692708768401241,33.0,0.0054092298382387004,59.0
31,normal,37,17,20,30745.028043587852,13770.690753922174,16974.337289665677,0.17535545023696683,8.0,0.08056872037914692,30.0,0.09478672985781991,8.0,30745.028043587852,13.0,13770.690753922174,42.0,16974.337289665677,11.0,0.010918026204618831,9.0,0.45278969957081544,34.0,0.08746678067366666,28.0,0.006761774532927687,29.0,0.005142269373567765,77.0,0.006184847109094464,34.0
32,normal,28,16,12,23294.754935486322,15749.10923051505,7545.645704971271,0.13270142180094788,79.0,0.07582938388625593,42.0,0.05687203791469195,135.0,23294.754935486322,68.0,15749.10923051505,25.0,7545.645704971271,178.0,0.007816823660338732,48.0,0.45278969957081544,34.0,0.08194474872801528,38.0,0.002373317411012919,198.0,0.007055267677570111,29.0,0.007103494874493107,13.0
33,normal,26,15,11,18133.586079611283,10528.744623283848,7604.841456327434,0.12322274881516589,120.0,0.07109004739336494,60.0,0.05213270142180095,157.0,18133.586079611283,163.0,10528.744623283848,103.0,7604.841456327434,177.0,0.005629369179533741,124.0,0.44798301486199577,50.0,0.07530941550033195,65.0,0.0029519142106611443,173.0,0.005058751859655109,79.0,0.004287918642519835,118.0
34,normal,22,9,13,18088.54216163895,6798.223278264149,11290.318883374803,0.1042654028436019,177.0,0.04265402843601896,183.0,0.06161137440758294,104.0,18088.54216163895,165.0,6798.223278264149,186.0,11290.318883374803,91.0,0.003511981693150119,189.0,0.4011406844106464,194.0,0.04445395811808664,186.0,0.005599147974972432,59.0,0.0024420022478708636,195.0,0.0032365326992081648,184.0
35,normal,26,13,13,18746.748670001598,10538.992993575286,8207.755676426312,0.12322274881516589,120.0,0.06161137440758294,109.0,0.06161137440758294,104.0,18746.748670001598,151.0,10538.992993575286,102.0,8207.755676426312,166.0,0.006736818109725116,84.0,0.43415637860082307,92.0,0.0651316549011693,114.0,0.002576404529958057,193.0,0.005627537173810841,59.0,0.004211706890566221,124.0
36,normal,26,13,13,20671.070820174413,10930.615939739973,9740.45488043444,0.12322274881516589,120.0,0.06161137440758294,109.0,0.06161137440758294,104.0,20671.070820174413,120.0,10930.615939739973,91.0,9740.45488043444,130.0,0.006237597662907033,99.0,0.433264887063655,96.0,0.06638500236228474,106.0,0.003612955956562082,145.0,0.005289717794173872,71.0,0.004195056398494827,126.0
37,normal,30,17,13,25598.077225353554,14737.043496184888,10861.033729168665,0.14218009478672988,52.0,0.08056872037914692,30.0,0.06161137440758294,104.0,25598.077225353554,41.0,14737.043496184888,34.0,10861.033729168665,105.0,0.006253490412852236,96.0,0.4470338983050847,53.0,0.08297353047572806,37.0,0.004597893686972607,104.0,0.0073357719540505986,25.0,0.0054289137268742705,56.0
38,normal,25,12,13,17533.03698283191,9168.268794009799,8364.76818882211,0.11848341232227488,134.0,0.05687203791469195,127.0,0.06161137440758294,104.0,17533.03698283191,169.0,9168.268794009799,136.0,8364.76818882211,162.0,0.006434074179300395,93.0,0.4306122448979592,107.0,0.059847264186813326,133.0,0.0034466802956573885,153.0,0.003841756267317547,133.0,0.004456252213918298,111.0
39,normal,33,14,19,23391.76856184917,10580.314262212461,12811.454299636709,0.15639810426540285,18.0,0.06635071090047394,86.0,0.09004739336492892,12.0,23391.76856184917,63.0,10580.314262212461,100.0,12811.454299636709,51.0,0.009307931242381287,20.0,0.433264887063655,96.0,0.07719257198013665,58.0,0.005244527729660047,72.0,0.003897781292682911,130.0,0.004915406233538047,83.0
40,normal,28,18,10,19941.74545745526,11212.345762267196,8729.399695188067,0.13270142180094788,79.0,0.08530805687203792,19.0,0.047393364928909956,177.0,19941.74545745526,133.0,11212.345762267196,81.0,8729.399695188067,151.0,0.0056527014620477815,123.0,0.44798301486199577,50.0,0.08164185579220543,41.0,0.0029032367125378373,176.0,0.005232381475505364,73.0,0.004411526964097121,114.0
41,normal,22,10,12,18837.54734578854,9384.40639859826,9453.140947190277,0.1042654028436019,177.0,0.047393364928909956,165.0,0.05687203791469195,135.0,18837.54734578854,150.0,9384.40639859826,131.0,9453.140947190277,136.0,0.003706431165835139,185.0,0.41130604288499023,171.0,0.047662295147483054,175.0,0.0038928957155849636,132.0,0.0041123380578446025,121.0,0.004063947338980272,133.0
42,normal,33,15,18,20891.54425722067,11869.621188947374,9021.923068273296,0.15639810426540285,18.0,0.07109004739336494,60.0,0.08530805687203792,18.0,20891.54425722067,115.0,11869.621188947374,74.0,9021.923068273296,146.0,0.010397723299318888,13.0,0.4470338983050847,53.0,0.07242782826178389,79.0,0.003495837960094677,149.0,0.006072137946451322,48.0,0.005145392857542766,76.0
43,normal,30,13,17,21164.04422087856,8530.569593105449,12633.47462777311,0.14218009478672988,52.0,0.06161137440758294,109.0,0.08056872037914692,25.0,21164.04422087856,109.0,8530.569593105449,152.0,12633.47462777311,55.0,0.007337964624108318,62.0,0.4271255060728745,123.0,0.05909807707779023,134.0,0.0046443240763754685,100.0,0.003215657952077903,161.0,0.003800952912565431,151.0
44,normal,27,12,15,18060.992358748477,7123.627145753242,10937.365212995235,0.1279620853080569,99.0,0.05687203791469195,127.0,0.07109004739336494,60.0,18060.992358748477,166.0,7123.627145753242,181.0,10937.365212995235,101.0,0.0051519810482622145,147.0,0.41865079365079366,146.0,0.05559995415045401,147.0,0.0049463416071367184,85.0,0.00432582262171596,111.0,0.002979503017572522,194.0
45,normal,23,8,15,19326.159118419884,5782.052207868958,13544.106910550925,0.1090047393364929,169.0,0.037914691943127965,197.0,0.07109004739336494,60.0,19326.159118419884,142.0,5782.052207868958,201.0,13544.106910550925,41.0,0.004528376070740088,165.0,0.4026717557251908,187.0,0.037914667347701145,206.0,0.006420063819090487,38.0,0.00235153848040333,197.0,0.0023138239118739253,208.0
46,normal,29,15,14,22342.769326214086,13615.498666457588,8727.270659756497,0.13744075829383887,69.0,0.07109004739336494,60.0,0.06635071090047394,78.0,22342.769326214086,86.0,13615.498666457588,45.0,8727.270659756497,152.0,0.0074434790122512515,59.0,0.44893617021276594,42.0,0.0808098255893145,48.0,0.0033675554362794704,159.0,0.005913405711942955,53.0,0.006687236515789104,22.0
47,normal,29,18,11,23265.727222214606,16438.895267868542,6826.831954346062,0.13744075829383887,69.0,0.08530805687203792,19.0,0.05213270142180095,157.0,23265.727222214606,69.0,16438.895267868542,17.0,6826.831954346062,188.0,0.00721363967780182,68.0,0.44989339019189767,39.0,0.0831209996806548,36.0,0.0026393082955262124,190.0,0.006766979404595943,32.0,0.007394605299086176,8.0
48,normal,35,19,16,23309.277444970467,10931.505241933462,12377.772203037004,0.16587677725118485,13.0,0.09004739336492892,12.0,0.07582938388625593,42.0,23309.277444970467,67.0,10931.505241933462,90.0,12377.772203037004,61.0,0.009543836603491535,18.0,0.45770065075921906,24.0,0.09475016681169533,15.0,0.005442500145466918,64.0,0.0039487964122701304,127.0,0.005320923095571426,66.0
49,normal,33,14,19,30352.760563302352,11802.922396188464,18549.83816711389,0.15639810426540285,18.0,0.06635071090047394,86.0,0.09004739336492892,12.0,30352.760563302352,15.0,11802.922396188464,76.0,18549.83816711389,7.0,0.009595277005022565,17.0,0.4306122448979592,107.0,0.06511855186983474,115.0,0.007968466891322013,10.0,0.006414466129358342,40.0,0.004328934188474882,116.0
50,normal,42,21,21,30181.980051347688,15808.25652812643,14373.723523221257,0.1990521327014218,1.0,0.0995260663507109,6.0,0.0995260663507109,6.0,30181.980051347688,16.0,15808.25652812643,24.0,14373.723523221257,30.0,0.013566879367771636,2.0,0.4678492239467849,9.0,0.09514308185628365,13.0,0.006993492321553957,24.0,0.006055084012023441,49.0,0.005826246676420299,49.0
51,normal,21,11,10,14104.739478302476,6884.546224230902,7220.1932540715725,0.0995260663507109,186.0,0.05213270142180095,153.0,0.047393364928909956,177.0,14104.739478302476,205.0,6884.546224230902,185.0,7220.1932540715725,184.0,0.003924786483637327,182.0,0.4137254901960784,166.0,0.05280058730385829,157.0,0.0024778899519781513,195.0,0.0020829269670868357,203.0,0.0036975334078357515,153.0
52,normal,26,13,13,25756.247840273652,14484.663626980097,11271.584213293554,0.12322274881516589,120.0,0.06161137440758294,109.0,0.06161137440758294,104.0,25756.247840273652,38.0,14484.663626980097,38.0,11271.584213293554,92.0,0.00524716165930798,144.0,0.42973523421588594,112.0,0.06287863807259868,123.0,0.005130238338811764,78.0,0.0056734164641329896,58.0,0.0055203272443817295,54.0
53,normal,27,10,17,18360.37474522554,7710.041002817692,10650.33374240785,0.1279620853080569,99.0,0.047393364928909956,165.0,0.08056872037914692,25.0,18360.37474522554,161.0,7710.041002817692,168.0,10650.33374240785,111.0,0.006249248367873388,97.0,0.40733590733590735,177.0,0.05071616409341656,166.0,0.0036342979387120693,143.0,0.0035443506607458933,142.0,0.003995870460409515,137.0
54,normal,29,14,15,20466.52898766751,9251.245417871047,11215.283569796462,0.13744075829383887,69.0,0.06635071090047394,86.0,0.07109004739336494,60.0,20466.52898766751,125.0,9251.245417871047,133.0,11215.283569796462,95.0,0.006311030960030169,94.0,0.4405010438413361,74.0,0.06866239613099545,93.0,0.0054867504073721676,62.0,0.004194965642062578,116.0,0.003862311869604035,146.0
55,normal,16,8,8,13853.172743278941,7272.549247935877,6580.623495343065,0.07582938388625593,209.0,0.037914691943127965,197.0,0.037914691943127965,197.0,13853.172743278941,208.0,7272.549247935877,176.0,6580.623495343065,192.0,0.0021254135435252557,210.0,0.3988657844990548,197.0,0.041137140987238245,197.0,0.0028021935333658304,182.0,0.0025187878460539194,188.0,0.003384297201836765,176.0
56,normal,28,14,14,18098.02314836217,7681.826834142764,10416.196314219405,0.13270142180094788,79.0,0.06635071090047394,86.0,0.06635071090047394,78.0,18098.02314836217,164.0,7681.826834142764,170.0,10416.196314219405,113.0,0.006536393815462424,91.0,0.43149284253578735,102.0,0.06708831041273497,98.0,0.003473510012074307,150.0,0.0030045363227703026,170.0,0.0038142963169603182,149.0
57,normal,31,18,13,22725.178001557775,10607.325611752889,12117.852389804884,0.14691943127962087,36.0,0.08530805687203792,19.0,0.06161137440758294,104.0,22725.178001557775,76.0,10607.325611752889,98.0,12117.852389804884,72.0,0.007359556147790357,61.0,0.4668141592920354,12.0,0.09468721875114987,17.0,0.004812350114126586,90.0,0.004501504277188054,99.0,0.005156976995678048,75.0
58,normal,25,17,8,20962.132371787484,14681.175731643489,6280.956640143994,0.11848341232227488,134.0,0.08056872037914692,30.0,0.037914691943127965,197.0,20962.132371787484,112.0,14681.175731643489,36.0,6280.956640143994,195.0,0.0046853464516866655,156.0,0.44893617021276594,42.0,0.08119644551021697,44.0,0.0033607461376064063,160.0,0.005866315064891263,56.0,0.006589311771911281,24.0
59,normal,25,13,12,21963.047761221394,11447.561867945773,10515.48589327562,0.11848341232227488,134.0,0.06161137440758294,109.0,0.05687203791469195,135.0,21963.047761221394,96.0,11447.561867945773,79.0,10515.48589327562,112.0,0.005846523331792929,116.0,0.42886178861788615,118.0,0.06946797397991097,91.0,0.003274427090565449,165.0,0.00497483739074461,84.0,0.005036202096142595,79.0
60,normal,32,20,12,23327.223193097925,15088.869385390906,8238.353807707017,0.15165876777251186,31.0,0.09478672985781991,10.0,0.05687203791469195,135.0,23327.223193097925,66.0,15088.869385390906,30.0,8238.353807707017,165.0,0.008319583669173536,35.0,0.4617067833698031,20.0,0.0950922293750836,14.0,0.0027467726238964933,186.0,0.00662484760465595,34.0,0.005867100568740056,48.0
61,normal,28,16,12,24313.85683030716,16214.934623880537,8098.922206426623,0.13270142180094788,79.0,0.07582938388625593,42.0,0.05687203791469195,135.0,24313.85683030716,56.0,16214.934623880537,19.0,8098.922206426623,168.0,0.006247336499532372,98.0,0.4395833333333333,78.0,0.07778449541218735,56.0,0.00342618419512083,156.0,0.006206528271664604,45.0,0.00671946385629458,21.0
62,normal,23,16,7,18898.793806434554,12820.065022682731,6078.728783751822,0.1090047393364929,169.0,0.07582938388625593,42.0,0.03317535545023697,207.0,18898.793806434554,146.0,12820.065022682731,61.0,6078.728783751822,197.0,0.004304438607943387,173.0,0.44234800838574423,70.0,0.07225362646007588,80.0,0.0030802575436352122,169.0,0.005253155651359925,72.0,0.005360217778186183,60.0
63,normal,29,18,11,16181.92845229591,10345.73409199702,5836.19436029889,0.13744075829383887,69.0,0.08530805687203792,19.0,0.05213270142180095,157.0,16181.92845229591,186.0,10345.73409199702,111.0,5836.19436029889,202.0,0.005627627689440897,125.0,0.4442105263157895,61.0,0.07527220966876115,66.0,0.0032726693553851607,166.0,0.004412824934823914,105.0,0.00366096478710079,158.0
64,normal,33,21,12,29727.66878587603,17348.17583859742,12379.49294727861,0.15639810426540285,18.0,0.0995260663507109,6.0,0.05687203791469195,135.0,29727.66878587603,20.0,17348.17583859742,12.0,12379.49294727861,60.0,0.008271410863360883,36.0,0.4668141592920354,12.0,0.0994738861175225,9.0,0.005254717851803605,71.0,0.008404066735575253,12.0,0.0063230206760842055,31.0
65,normal,22,8,14,15015.855742255648,5395.0544545062785,9620.80128774937,0.1042654028436019,177.0,0.037914691943127965,197.0,0.06635071090047394,78.0,15015.855742255648,198.0,5395.0544545062785,204.0,9620.80128774937,132.0,0.0035451953441475257,187.0,0.3929236499068901,207.0,0.04031633789839609,199.0,0.00365114870899866,141.0,0.002314462845613455,199.0,0.002487576738304621,206.0
66,normal,23,15,8,17894.633413169882,8857.60153958177,9037.031873588112,0.1090047393364929,169.0,0.07109004739336494,60.0,0.037914691943127965,197.0,17894.633413169882,167.0,8857.60153958177,141.0,9037.031873588112,145.0,0.00440398920826264,171.0,0.44893617021276594,42.0,0.07476412536317477,69.0,0.004965901989540451,83.0,0.0032599964474142604,158.0,0.004262432151100848,121.0
67,normal,26,12,14,24687.874236232205,10992.053447794962,13695.820788437242,0.12322274881516589,120.0,0.05687203791469195,127.0,0.06635071090047394,78.0,24687.874236232205,50.0,10992.053447794962,89.0,13695.820788437242,38.0,0.005021854556511514,150.0,0.4350515463917526,90.0,0.06586619099288336,109.0,0.0070720941540849125,22.0,0.004804511610536102,87.0,0.005412098325022576,58.0
68,normal,35,19,16,32112.674055735737,19435.19191051645,12677.482145219288,0.16587677725118485,13.0,0.09004739336492892,12.0,0.07582938388625593,42.0,32112.674055735737,8.0,19435.19191051645,4.0,12677.482145219288,53.0,0.008761565041957844,31.0,0.4606986899563319,22.0,0.08884937267022247,24.0,0.005501952108653161,61.0,0.010606086049436868,3.0,0.006819474061021407,17.0
69,normal,27,10,17,25627.76803895236,7057.387211695451,18570.380827256908,0.1279620853080569,99.0,0.047393364928909956,165.0,0.08056872037914692,25.0,25627.76803895236,40.0,7057.387211695451,182.0,18570.380827256908,6.0,0.005213439267298163,145.0,0.41291585127201563,169.0,0.04779994573819511,174.0,0.00983283975216514,5.0,0.003451769722866931,148.0,0.0029336591303612608,196.0
70,normal,34,21,13,31791.13801697948,19448.80010773945,12342.33790924003,0.16113744075829384,15.0,0.0995260663507109,6.0,0.06161137440758294,104.0,31791.13801697948,9.0,19448.80010773945,3.0,12342.33790924003,62.0,0.008600930150365652,34.0,0.4730941704035874,7.0,0.10034110348681324,6.0,0.005480433890460847,63.0,0.010806171295455354,2.0,0.0071588320154888415,12.0
71,normal,19,14,5,16821.552856693044,12150.087276469798,4671.465580223245,0.09004739336492892,201.0,0.06635071090047394,86.0,0.023696682464454978,212.0,16821.552856693044,176.0,12150.087276469798,69.0,4671.465580223245,209.0,0.002092122351735655,211.0,0.4395833333333333,78.0,0.07008052376834029,89.0,0.002222121144223556,202.0,0.00661550873901719,35.0,0.004886979583051285,88.0
72,normal,29,15,14,20486.76849272217,9621.90073278504,10864.86775993713,0.13744075829383887,69.0,0.07109004739336494,60.0,0.06635071090047394,78.0,20486.76849272217,124.0,9621.90073278504,125.0,10864.86775993713,104.0,0.007133775945082797,71.0,0.4442105263157895,61.0,0.07320523001330584,77.0,0.0044546759122201934,107.0,0.0033435993705077304,155.0,0.0048502517377981,91.0
73,normal,17,9,8,14221.163003649734,6761.88720451219,7459.275799137544,0.08056872037914692,207.0,0.04265402843601896,183.0,0.037914691943127965,197.0,14221.163003649734,204.0,6761.88720451219,187.0,7459.275799137544,179.0,0.002985306670407202,197.0,0.4011406844106464,194.0,0.03987540256600465,201.0,0.0020017010354873646,205.0,0.0026888418367321484,182.0,0.002765352081735094,200.0
74,normal,28,17,11,20579.241781562985,12278.202160493327,8301.039621069658,0.13270142180094788,79.0,0.08056872037914692,30.0,0.05213270142180095,157.0,20579.241781562985,123.0,12278.202160493327,68.0,8301.039621069658,164.0,0.006797236091973477,81.0,0.44893617021276594,42.0,0.08132076556234581,43.0,0.0038678446592102216,134.0,0.005145796699224413,76.0,0.005317993256148765,67.0
75,normal,26,16,10,16080.042697428235,10079.735815306498,6000.3068821217375,0.12322274881516589,120.0,0.07582938388625593,42.0,0.047393364928909956,177.0,16080.042697428235,188.0,10079.735815306498,116.0,6000.3068821217375,199.0,0.005523168192083186,130.0,0.4470338983050847,53.0,0.0794992792269543,51.0,0.0021734224849423176,203.0,0.004029445666684297,123.0,0.004398132835922963,115.0
76,normal,20,9,11,16810.208269073402,6080.569930588397,10729.638338485003,0.09478672985781991,193.0,0.04265402843601896,183.0,0.05213270142180095,157.0,16810.208269073402,177.0,6080.569930588397,197.0,10729.638338485003,109.0,0.0035325634437402853,188.0,0.39811320754716983,200.0,0.04177202731589383,194.0,0.004906719885673177,87.0,0.0019854272972341853,208.0,0.0032539688978700156,182.0
77,normal,21,8,13,19538.73801089468,8626.421087853412,10912.316923041271,0.0995260663507109,186.0,0.037914691943127965,197.0,0.06161137440758294,104.0,19538.73801089468,140.0,8626.421087853412,148.0,10912.316923041271,103.0,0.004652195277209904,158.0,0.39811320754716983,200.0,0.040168147657286,200.0,0.003626262459955659,144.0,0.0034286560358003427,150.0,0.003797027571122486,152.0
78,normal,25,10,15,23552.558629733652,8945.29111643114,14607.267513302511,0.11848341232227488,134.0,0.047393364928909956,165.0,0.07109004739336494,60.0,23552.558629733652,62.0,8945.29111643114,139.0,14607.267513302511,24.0,0.004684484803532223,157.0,0.40344168260038243,186.0,0.047439837872808185,177.0,0.0074925024645521345,17.0,0.003234726507120078,160.0,0.0044280123454886345,113.0
79,normal,31,18,13,26015.82394160684,13498.197562866131,12517.626378740706,0.14691943127962087,36.0,0.08530805687203792,19.0,0.06161137440758294,104.0,26015.82394160684,34.0,13498.197562866131,46.0,12517.626378740706,58.0,0.00863597625981102,33.0,0.4720357941834452,8.0,0.10026413988184289,7.0,0.0046867909195915805,95.0,0.004455538674224775,101.0,0.007365569152500963,9.0
80,normal,29,16,13,21271.737455476614,10007.466270906883,11264.271184569729,0.13744075829383887,69.0,0.07582938388625593,42.0,0.06161137440758294,104.0,21271.737455476614,107.0,10007.466270906883,120.0,11264.271184569729,94.0,0.006897989374377239,78.0,0.44893617021276594,42.0,0.07831626096651728,55.0,0.005166398250947084,76.0,0.004444414379051057,102.0,0.0045552540233665855,106.0
81,normal,32,16,16,22300.052822072386,10505.91147919553,11794.141342876854,0.15165876777251186,31.0,0.07582938388625593,42.0,0.07582938388625593,42.0,22300.052822072386,88.0,10505.91147919553,104.0,11794.141342876854,80.0,0.008790215039237255,30.0,0.4386694386694387,83.0,0.0721509939880072,82.0,0.004677808823178604,98.0,0.004442765430156507,103.0,0.0041265581519262535,129.0
82,normal,31,14,17,24403.574181150478,13673.880714052115,10729.693467098365,0.14691943127962087,36.0,0.06635071090047394,86.0,0.08056872037914692,25.0,24403.574181150478,52.0,13673.880714052115,44.0,10729.693467098365,108.0,0.007397523606921532,60.0,0.4405010438413361,74.0,0.06951157593534778,90.0,0.004678045131099076,97.0,0.006358947273406781,43.0,0.005301672452132216,68.0
83,normal,34,15,19,30157.844494154317,13080.890111746627,17076.95438240769,0.16113744075829384,15.0,0.07109004739336494,60.0,0.09004739336492892,12.0,30157.844494154317,17.0,13080.890111746627,54.0,17076.95438240769,9.0,0.01078595215064514,11.0,0.44989339019189767,39.0,0.08171017097608257,40.0,0.005951175272385509,50.0,0.00555965770238442,61.0,0.007192834051539205,11.0
84,normal,24,9,15,20119.036622672545,8446.468913794699,11672.567708877847,0.1137440758293839,156.0,0.04265402843601896,183.0,0.07109004739336494,60.0,20119.036622672545,128.0,8446.468913794699,154.0,11672.567708877847,83.0,0.004132113623476463,179.0,0.40655105973025046,181.0,0.044138526897194455,187.0,0.004958322141084028,84.0,0.0032533898418086,159.0,0.0034871151969161802,170.0
85,normal,32,17,15,21231.433978312954,11763.420560182367,9468.01341813059,0.15165876777251186,31.0,0.08056872037914692,30.0,0.07109004739336494,60.0,21231.433978312954,108.0,11763.420560182367,77.0,9468.01341813059,134.0,0.008987953004161586,25.0,0.4442105263157895,61.0,0.07652037792817194,59.0,0.0037508587079499106,139.0,0.005045524816240635,80.0,0.004747498524021138,96.0
86,normal,38,22,16,32706.928966474825,19271.712547789397,13435.216418685428,0.18009478672985785,7.0,0.1042654028436019,4.0,0.07582938388625593,42.0,32706.928966474825,6.0,19271.712547789397,6.0,13435.216418685428,43.0,0.011257998421708586,8.0,0.47415730337078654,6.0,0.10131700676511071,5.0,0.006577405393418087,35.0,0.00964644623112385,4.0,0.006917790640268591,15.0
87,normal,16,8,8,15845.681801005929,8520.53032912415,7325.151471881778,0.07582938388625593,209.0,0.037914691943127965,197.0,0.037914691943127965,197.0,15845.681801005929,192.0,8520.53032912415,153.0,7325.151471881778,181.0,0.0019515301602747164,212.0,0.3966165413533835,203.0,0.03892892119637602,204.0,0.0032187816690527563,167.0,0.004402078445438666,107.0,0.00392507722316498,140.0
88,normal,25,12,13,19394.923103518366,7612.416212288214,11782.506891230152,0.11848341232227488,134.0,0.05687203791469195,127.0,0.06161137440758294,104.0,19394.923103518366,141.0,7612.416212288214,172.0,11782.506891230152,82.0,0.005442509873801103,137.0,0.42369477911646586,135.0,0.05804348448398078,138.0,0.004650091738609799,99.0,0.002908355555565979,178.0,0.003831297449718496,147.0
89,normal,25,8,17,18654.740446777698,3843.1798073228533,14811.560639454843,0.11848341232227488,134.0,0.037914691943127965,197.0,0.08056872037914692,25.0,18654.740446777698,153.0,3843.1798073228533,211.0,14811.560639454843,22.0,0.004770943238980684,153.0,0.3988657844990548,197.0,0.041599654417658824,195.0,0.0074735684699963854,18.0,0.001569458079698338,212.0,0.0024590850343781034,207.0
90,normal,27,12,15,20781.6526913546,10813.085892518524,9968.566798836076,0.1279620853080569,99.0,0.05687203791469195,127.0,0.07109004739336494,60.0,20781.6526913546,118.0,10813.085892518524,94.0,9968.566798836076,120.0,0.00649306268849523,92.0,0.4178217821782178,149.0,0.06026613247489377,131.0,0.0037525614810568213,138.0,0.004310786647134266,113.0,0.005705851444025057,52.0
91,normal,27,12,15,21461.621145368757,8827.784117467334,12633.837027901423,0.1279620853080569,99.0,0.05687203791469195,127.0,0.07109004739336494,60.0,21461.621145368757,104.0,8827.784117467334,143.0,12633.837027901423,54.0,0.006587197177662272,89.0,0.4262626262626263,128.0,0.062371251261240254,125.0,0.006578928871004497,34.0,0.004086435267502445,122.0,0.003661777793863282,157.0
92,normal,29,19,10,19833.27465248837,14699.462357824359,5133.812294664012,0.13744075829383887,69.0,0.09004739336492892,12.0,0.047393364928909956,177.0,19833.27465248837,135.0,14699.462357824359,35.0,5133.812294664012,205.0,0.006644660838013787,87.0,0.4678492239467849,9.0,0.09469808376771272,16.0,0.0015432737555118796,211.0,0.006170667033861571,46.0,0.005951152774747821,44.0
93,normal,17,8,9,14397.279938976148,5736.235890228563,8661.044048747584,0.08056872037914692,207.0,0.037914691943127965,197.0,0.04265402843601896,190.0,14397.279938976148,202.0,5736.235890228563,202.0,8661.044048747584,154.0,0.002258946881346786,208.0,0.4026717557251908,187.0,0.043514683373195154,190.0,0.00433858026930065,115.0,0.001987507897219027,207.0,0.003491009344639924,169.0
94,normal,18,10,8,8466.679304236113,5157.301549315507,3309.377754920607,0.08530805687203792,204.0,0.047393364928909956,165.0,0.037914691943127965,197.0,8466.679304236113,212.0,5157.301549315507,207.0,3309.377754920607,212.0,0.0027819096762862136,204.0,0.4161735700197239,156.0,0.05502200522048375,150.0,0.0017255192303801672,209.0,0.002929245471874274,175.0,0.002236371564428465,209.0
95,normal,27,13,14,23746.648250475482,11297.81560408204,12448.832646393445,0.1279620853080569,99.0,0.06161137440758294,109.0,0.06635071090047394,78.0,23746.648250475482,59.0,11297.81560408204,80.0,12448.832646393445,59.0,0.005988035584211071,108.0,0.4279918864097363,121.0,0.06545200308517832,110.0,0.005261748117816982,70.0,0.0058972173959601715,54.0,0.004910425518508594,84.0
96,normal,31,12,19,24981.833951372566,10499.083209929207,14482.750741443358,0.14691943127962087,36.0,0.05687203791469195,127.0,0.09004739336492892,12.0,24981.833951372566,47.0,10499.083209929207,105.0,14482.750741443358,26.0,0.0066031270341181895,88.0,0.42115768463073855,140.0,0.06017660925097083,132.0,0.007030388924678608,23.0,0.005621848553170831,60.0,0.004043669017345464,136.0
97,normal,25,10,15,16128.32420875032,7589.422540592359,8538.901668157961,0.11848341232227488,134.0,0.047393364928909956,165.0,0.07109004739336494,60.0,16128.32420875032,187.0,7589.422540592359,174.0,8538.901668157961,159.0,0.005132608252193534,148.0,0.40190476190476193,193.0,0.04370571663904987,189.0,0.00386294855297048,135.0,0.0024675361571920244,193.0,0.0040496581266318355,135.0
98,normal,33,19,14,14041.999928168263,8942.104594998322,5099.895333169941,0.15639810426540285,18.0,0.09004739336492892,12.0,0.06635071090047394,78.0,14041.999928168263,206.0,8942.104594998322,140.0,5099.895333169941,206.0,0.00953137156192243,19.0,0.46373626373626375,17.0,0.08665796274896,29.0,0.001605449018301419,210.0,0.0030953635081390797,169.0,0.0040789125031021715,131.0
99,normal,30,12,18,23347.847980040722,8756.553528785224,14591.294451255499,0.14218009478672988,52.0,0.05687203791469195,127.0,0.08530805687203792,18.0,23347.847980040722,64.0,8756.553528785224,145.0,14591.294451255499,25.0,0.007749503615256415,51.0,0.4271255060728745,123.0,0.06421535117268312,118.0,0.006554693990527392,36.0,0.0025686686441579124,184.0,0.004669947867373852,99.0
100,normal,21,8,13,11993.77633548576,3553.6451576764284,8440.131177809331,0.0995260663507109,186.0,0.037914691943127965,197.0,0.06161137440758294,104.0,11993.77633548576,210.0,3553.6451576764284,212.0,8440.131177809331,160.0,0.0033790143649846016,190.0,0.3988657844990548,197.0,0.041431600829686256,196.0,0.003329782412714928,162.0,0.0016002059335132252,211.0,0.0021787990195197768,211.0
101,normal,31,14,17,28245.941653405098,11197.59718278133,17048.344470623768,0.14691943127962087,36.0,0.06635071090047394,86.0,0.08056872037914692,25.0,28245.941653405098,24.0,11197.59718278133,82.0,17048.344470623768,10.0,0.007239527913865958,65.0,0.4306122448979592,107.0,0.06591545511826663,108.0,0.008701224035016657,6.0,0.005342227823183076,67.0,0.003391172334308818,174.0
102,normal,25,12,13,16045.928492624442,8093.442999747236,7952.485492877206,0.11848341232227488,134.0,0.05687203791469195,127.0,0.06161137440758294,104.0,16045.928492624442,189.0,8093.442999747236,161.0,7952.485492877206,173.0,0.005459061706067082,135.0,0.42115768463073855,140.0,0.05744066477168552,142.0,0.0034296044006625016,155.0,0.0037971228816008596,135.0,0.003417044546999372,172.0
103,normal,27,14,13,21298.810537988742,9505.780171628572,11793.03036636017,0.1279620853080569,99.0,0.06635071090047394,86.0,0.06161137440758294,104.0,21298.810537988742,105.0,9505.780171628572,127.0,11793.03036636017,81.0,0.00557998968055167,126.0,0.42973523421588594,112.0,0.06688825773024372,101.0,0.005379272218840694,66.0,0.003972452528603738,125.0,0.004507281700459478,109.0
104,normal,33,16,17,24995.66903279919,11852.300266486407,13143.368766312782,0.15639810426540285,18.0,0.07582938388625593,42.0,0.08056872037914692,25.0,24995.66903279919,46.0,11852.300266486407,75.0,13143.368766312782,46.0,0.007329823454624482,63.0,0.45376344086021503,30.0,0.0842604209297504,33.0,0.006545167423195137,37.0,0.005000322581147548,81.0,0.005100517081989835,78.0
105,normal,25,15,10,16575.82965722784,10587.470700416217,5988.358956811626,0.11848341232227488,134.0,0.07109004739336494,60.0,0.047393364928909956,177.0,16575.82965722784,181.0,10587.470700416217,99.0,5988.358956811626,201.0,0.004627581303958848,159.0,0.4350515463917526,90.0,0.07420998304335326,73.0,0.0027070299456029615,188.0,0.005505841118620037,62.0,0.004586289006039893,104.0
106,normal,26,14,12,22508.499524821193,13389.24430568072,9119.255219140472,0.12322274881516589,120.0,0.06635071090047394,86.0,0.05687203791469195,135.0,22508.499524821193,80.0,13389.24430568072,48.0,9119.255219140472,142.0,0.0057483745673267694,120.0,0.44798301486199577,50.0,0.07605847765758465,64.0,0.005401879364107965,65.0,0.005298562620886971,70.0,0.006018722444181787,37.0
107,normal,25,13,12,20113.43551375145,10357.93610662642,9755.499407125031,0.11848341232227488,134.0,0.06161137440758294,109.0,0.05687203791469195,135.0,20113.43551375145,129.0,10357.93610662642,109.0,9755.499407125031,129.0,0.005391810506682644,140.0,0.4262626262626263,128.0,0.057376908420544666,143.0,0.004216101006070672,121.0,0.00499399920113345,83.0,0.0038751509758149774,145.0
108,normal,27,18,9,19679.188816620972,12003.844864031675,7675.343952589298,0.1279620853080569,99.0,0.08530805687203792,19.0,0.04265402843601896,190.0,19679.188816620972,136.0,12003.844864031675,72.0,7675.343952589298,176.0,0.005466716255716416,133.0,0.4668141592920354,12.0,0.08788200099479954,27.0,0.0028950252425707797,177.0,0.005874173548025639,55.0,0.004917602701615384,82.0
109,normal,33,13,20,20077.348217526185,7913.302334976399,12164.045882549786,0.15639810426540285,18.0,0.06161137440758294,109.0,0.09478672985781991,8.0,20077.348217526185,131.0,7913.302334976399,166.0,12164.045882549786,69.0,0.00885293926172106,27.0,0.4306122448979592,107.0,0.06540861029104467,111.0,0.0047416607295589774,93.0,0.0032000985634173125,163.0,0.003664685394113616,156.0
110,normal,30,16,14,24356.066372851386,14598.219493911221,9757.846878940165,0.14218009478672988,52.0,0.07582938388625593,42.0,0.06635071090047394,78.0,24356.066372851386,55.0,14598.219493911221,37.0,9757.846878940165,128.0,0.007768540455733481,50.0,0.45376344086021503,30.0,0.07743996162255877,57.0,0.0043157723522138465,118.0,0.007007185515232539,31.0,0.006075854501846514,35.0
111,normal,27,11,16,14280.071058421214,6109.368119579698,8170.702938841515,0.1279620853080569,99.0,0.05213270142180095,153.0,0.07582938388625593,42.0,14280.071058421214,203.0,6109.368119579698,196.0,8170.702938841515,167.0,0.005981536261129491,110.0,0.412109375,170.0,0.05345159806473147,153.0,0.0034239737218092195,157.0,0.002829754945338326,179.0,0.0029857690503272893,193.0
112,normal,21,11,10,17356.119378588624,9464.00262884398,7892.116749744644,0.0995260663507109,186.0,0.05213270142180095,153.0,0.047393364928909956,177.0,17356.119378588624,173.0,9464.00262884398,130.0,7892.116749744644,174.0,0.004585793397594555,164.0,0.4161735700197239,156.0,0.06382058728613874,120.0,0.002903304675353387,175.0,0.003934580950301961,128.0,0.004902243331334992,85.0
113,normal,31,14,17,26988.08221919494,12879.015874302144,14109.066344892799,0.14691943127962087,36.0,0.06635071090047394,86.0,0.08056872037914692,25.0,26988.08221919494,31.0,12879.015874302144,59.0,14109.066344892799,33.0,0.007926011907375649,43.0,0.43149284253578735,102.0,0.06602628290271902,107.0,0.007602912900465847,16.0,0.004782777036393908,88.0,0.005986957588216495,41.0
114,normal,28,15,13,24466.138283681994,12660.016037527665,11806.12224615433,0.13270142180094788,79.0,0.07109004739336494,60.0,0.06161137440758294,104.0,24466.138283681994,51.0,12660.016037527665,65.0,11806.12224615433,79.0,0.006139521377254329,104.0,0.4432773109243697,68.0,0.07607476609926915,63.0,0.005375888571123398,67.0,0.005947656941079211,52.0,0.005281183610911411,70.0
115,normal,28,10,18,22885.426132421046,6633.632865520299,16251.793266900748,0.13270142180094788,79.0,0.047393364928909956,165.0,0.08530805687203792,18.0,22885.426132421046,75.0,6633.632865520299,190.0,16251.793266900748,15.0,0.006155573638122142,103.0,0.4161735700197239,156.0,0.05134280246613474,163.0,0.008307572201695222,8.0,0.002774584239189203,180.0,0.002942550531897593,195.0
116,normal,40,24,16,29052.10907955461,15514.93362479806,13537.17545475655,0.18957345971563982,3.0,0.1137440758293839,1.0,0.07582938388625593,42.0,29052.10907955461,22.0,15514.93362479806,26.0,13537.17545475655,42.0,0.011941711038010755,6.0,0.48394495412844035,1.0,0.11036047573573247,2.0,0.006608580932836749,31.0,0.008062771440010023,14.0,0.005002734689158735,80.0
117,normal,31,14,17,23708.123962446552,10652.205350301894,13055.918612144656,0.14691943127962087,36.0,0.06635071090047394,86.0,0.08056872037914692,25.0,23708.123962446552,60.0,10652.205350301894,97.0,13055.918612144656,47.0,0.0077232775971911955,52.0,0.4432773109243697,68.0,0.07452870164738448,71.0,0.0061447726889290195,43.0,0.0047305417137786755,90.0,0.0048904094869342335,87.0
118,normal,28,14,14,22430.74456942577,13001.518406265113,9429.226163160658,0.13270142180094788,79.0,0.06635071090047394,86.0,0.06635071090047394,78.0,22430.74456942577,83.0,13001.518406265113,56.0,9429.226163160658,137.0,0.00709659676247958,73.0,0.43415637860082307,92.0,0.06870154795369686,92.0,0.004195688036390164,123.0,0.005490943457387884,63.0,0.005882522831333465,47.0
119,normal,20,13,7,16743.02281137854,10698.698333514438,6044.324477864106,0.09478672985781991,193.0,0.06161137440758294,109.0,0.03317535545023697,207.0,16743.02281137854,180.0,10698.698333514438,95.0,6044.324477864106,198.0,0.0031007883202507102,196.0,0.42973523421588594,112.0,0.06414402643666553,119.0,0.002476378607489639,196.0,0.004635245230726588,94.0,0.0045755477159748195,105.0
120,normal,31,15,16,22058.541205943337,10177.115498137806,11881.425707805533,0.14691943127962087,36.0,0.07109004739336494,60.0,0.07582938388625593,42.0,22058.541205943337,94.0,10177.115498137806,112.0,11881.425707805533,77.0,0.009020590034773996,24.0,0.43415637860082307,92.0,0.07190747524150948,84.0,0.0043283712518132665,116.0,0.003954815236503865,126.0,0.004216054691221878,123.0
121,normal,26,9,17,25209.907515211944,8351.54583438707,16858.361680824873,0.12322274881516589,120.0,0.04265402843601896,183.0,0.08056872037914692,25.0,25209.907515211944,44.0,8351.54583438707,157.0,16858.361680824873,12.0,0.004291824756510974,174.0,0.39811320754716983,200.0,0.03965549077538578,202.0,0.0077457947530792685,12.0,0.003661746862097223,139.0,0.003037101115906709,190.0
122,normal,25,17,8,20982.285130441414,16803.28780778019,4178.997322661223,0.11848341232227488,134.0,0.08056872037914692,30.0,0.037914691943127965,197.0,20982.285130441414,111.0,16803.28780778019,15.0,4178.997322661223,211.0,0.005462551522540095,134.0,0.46578366445916114,15.0,0.0919504904498317,20.0,0.0012340482770515561,212.0,0.007589875434581465,20.0,0.008439432016850264,4.0
123,normal,37,24,13,31525.66718891835,20520.25181130146,11005.415377616891,0.17535545023696683,8.0,0.1137440758293839,1.0,0.06161137440758294,104.0,31525.66718891835,11.0,20520.25181130146,2.0,11005.415377616891,99.0,0.011327274978936529,7.0,0.47845804988662133,2.0,0.11309147281844179,1.0,0.003988369572276985,128.0,0.007796258465068094,18.0,0.010055068999737843,1.0
124,normal,25,13,12,18745.676281433225,13128.013464820475,5617.662816612752,0.11848341232227488,134.0,0.06161137440758294,109.0,0.05687203791469195,135.0,18745.676281433225,152.0,13128.013464820475,52.0,5617.662816612752,203.0,0.005509892992922718,131.0,0.42973523421588594,112.0,0.06522580742816483,113.0,0.0026288202013754246,192.0,0.004187115906655536,117.0,0.006752864544135475,19.0
125,normal,27,13,14,18398.481006428417,7219.365314786539,11179.115691641877,0.1279620853080569,99.0,0.06161137440758294,109.0,0.06635071090047394,78.0,18398.481006428417,160.0,7219.365314786539,177.0,11179.115691641877,96.0,0.005472731112794164,132.0,0.433264887063655,96.0,0.06823333916852645,94.0,0.00467926315197379,96.0,0.002978440132468313,173.0,0.003583767727157682,165.0
126,normal,30,16,14,28105.56310327667,16626.319485865693,11479.243617410973,0.14218009478672988,52.0,0.07582938388625593,42.0,0.06635071090047394,78.0,28105.56310327667,26.0,16626.319485865693,16.0,11479.243617410973,88.0,0.008076160011819487,39.0,0.44893617021276594,42.0,0.08175778060167004,39.0,0.0038725811494923616,133.0,0.006333237017106468,44.0,0.006507994405873384,26.0
127,normal,20,10,10,15339.733284425507,7004.614915083908,8335.118369341599,0.09478672985781991,193.0,0.047393364928909956,165.0,0.047393364928909956,177.0,15339.733284425507,195.0,7004.614915083908,183.0,8335.118369341599,163.0,0.0033462765640330547,192.0,0.4097087378640777,173.0,0.04607933281304465,183.0,0.002793510726018219,183.0,0.002908635035727039,177.0,0.0029208827400055374,197.0
128,normal,30,21,9,30108.38048907682,21564.79807005452,8543.5824190223,0.14218009478672988,52.0,0.0995260663507109,6.0,0.04265402843601896,190.0,30108.38048907682,19.0,21564.79807005452,1.0,8543.5824190223,158.0,0.0056745703237608145,122.0,0.4678492239467849,9.0,0.09777246760772697,11.0,0.003461720454858489,152.0,0.01120425109634091,1.0,0.008627761492776935,3.0
129,normal,30,14,16,22373.94096572695,8361.314513951063,14012.626451775888,0.14218009478672988,52.0,0.06635071090047394,86.0,0.07582938388625593,42.0,22373.94096572695,84.0,8361.314513951063,156.0,14012.626451775888,35.0,0.007890802822677238,45.0,0.4386694386694387,83.0,0.07360934983917701,75.0,0.006068023465332161,47.0,0.0033483496494041884,154.0,0.004193120503287825,127.0
130,normal,21,8,13,16839.325049300962,8254.894166863223,8584.430882437737,0.0995260663507109,186.0,0.037914691943127965,197.0,0.06161137440758294,104.0,16839.325049300962,175.0,8254.894166863223,159.0,8584.430882437737,157.0,0.0028683607562095936,199.0,0.39219330855018586,208.0,0.03749442727796432,208.0,0.004381248134722485,114.0,0.004397223681512964,109.0,0.0030448137734530823,189.0
131,normal,41,19,22,37927.92827407278,17941.21695942643,19986.711314646345,0.1943127962085308,2.0,0.09004739336492892,12.0,0.1042654028436019,3.0,37927.92827407278,1.0,17941.21695942643,11.0,19986.711314646345,3.0,0.014589956291913375,1.0,0.45376344086021503,30.0,0.09241481248160908,19.0,0.007914189496249035,11.0,0.00920387582442362,5.0,0.0067420196518352404,20.0
132,normal,25,12,13,20264.687955234036,8164.597166902535,12100.090788331501,0.11848341232227488,134.0,0.05687203791469195,127.0,0.06161137440758294,104.0,20264.687955234036,126.0,8164.597166902535,160.0,12100.090788331501,73.0,0.005705735906551601,121.0,0.4161735700197239,156.0,0.05016128151962304,169.0,0.004714623750745727,94.0,0.003107384775340964,168.0,0.003436262610370066,171.0
133,normal,23,12,11,16322.353932926377,9133.18884942826,7189.165083498117,0.1090047393364929,169.0,0.05687203791469195,127.0,0.05213270142180095,157.0,16322.353932926377,183.0,9133.18884942826,137.0,7189.165083498117,185.0,0.004473274186580995,169.0,0.4262626262626263,128.0,0.0577662225185699,140.0,0.0030341921444623785,171.0,0.004011290012316836,124.0,0.0039023733185108538,143.0
134,normal,24,14,10,16246.675129523908,10009.8521044695,6236.8230250544075,0.1137440758293839,156.0,0.06635071090047394,86.0,0.047393364928909956,177.0,16246.675129523908,184.0,10009.8521044695,119.0,6236.8230250544075,196.0,0.006079306324647051,107.0,0.433264887063655,96.0,0.06749560466548496,97.0,0.0018874914647474211,206.0,0.003674703707011987,137.0,0.005518463183922497,55.0
135,normal,31,18,13,27207.85848387501,15043.38227965147,12164.476204223542,0.14691943127962087,36.0,0.08530805687203792,19.0,0.06161137440758294,104.0,27207.85848387501,29.0,15043.38227965147,31.0,12164.476204223542,67.0,0.00806436155543443,40.0,0.45869565217391306,23.0,0.08912606459479602,23.0,0.0071460989238730024,21.0,0.007242527596698263,26.0,0.006767923442825171,18.0
136,normal,27,15,12,22981.801947804197,14927.41779123438,8054.3841565698185,0.1279620853080569,99.0,0.07109004739336494,60.0,0.05687203791469195,135.0,22981.801947804197,73.0,14927.41779123438,32.0,8054.3841565698185,170.0,0.006762619424948562,82.0,0.4470338983050847,53.0,0.08110505110280979,46.0,0.002977124552487443,172.0,0.00713771236121196,28.0,0.006005767555597574,38.0
137,normal,28,16,12,24362.89918730818,15392.090636057155,8970.808551251024,0.13270142180094788,79.0,0.07582938388625593,42.0,0.05687203791469195,135.0,24362.89918730818,54.0,15392.090636057155,27.0,8970.808551251024,147.0,0.006085945333679034,106.0,0.4442105263157895,61.0,0.07636798643487544,62.0,0.004613942902798217,102.0,0.007021977957672472,30.0,0.0062374362166825285,32.0
138,normal,33,15,18,22323.65374740895,7436.2701093002215,14887.38363810873,0.15639810426540285,18.0,0.07109004739336494,60.0,0.08530805687203792,18.0,22323.65374740895,87.0,7436.2701093002215,175.0,14887.38363810873,21.0,0.009911003112401172,16.0,0.4359504132231405,89.0,0.07179298713096632,86.0,0.0056918128651533674,56.0,0.0024177444271734857,196.0,0.003982367434781348,138.0
139,normal,23,10,13,23024.121179854825,8840.238617969184,14183.882561885639,0.1090047393364929,169.0,0.047393364928909956,165.0,0.06161137440758294,104.0,23024.121179854825,72.0,8840.238617969184,142.0,14183.882561885639,32.0,0.0042530406457255655,176.0,0.4081237911025145,176.0,0.05066180052245157,168.0,0.0061251468993021585,46.0,0.0031246637427064803,166.0,0.0032420626328468318,183.0
140,normal,19,12,7,18910.407471559833,9495.61189282084,9414.795578738995,0.09004739336492892,201.0,0.05687203791469195,127.0,0.03317535545023697,207.0,18910.407471559833,145.0,9495.61189282084,128.0,9414.795578738995,138.0,0.0031219547694043494,195.0,0.4271255060728745,123.0,0.06085584675719052,128.0,0.004417896122395932,109.0,0.004885267601274957,85.0,0.003389382929367235,175.0
141,normal,33,17,16,28915.12686666852,15328.973664922505,13586.153201746014,0.15639810426540285,18.0,0.08056872037914692,30.0,0.07582938388625593,42.0,28915.12686666852,23.0,15328.973664922505,28.0,13586.153201746014,40.0,0.009152204535562777,21.0,0.4557235421166307,27.0,0.0845612659344989,32.0,0.005617634321586225,57.0,0.0063663041055030695,42.0,0.005920335319751623,46.0
142,normal,24,11,13,21613.482255553696,10438.290543402158,11175.191712151536,0.1137440758293839,156.0,0.05213270142180095,153.0,0.06161137440758294,104.0,21613.482255553696,102.0,10438.290543402158,107.0,11175.191712151536,97.0,0.004613727821631754,162.0,0.4178217821782178,149.0,0.05203896227467042,161.0,0.00441279860752763,110.0,0.005109592563117395,78.0,0.003978139971905072,139.0
143,normal,32,14,18,31550.44321576589,16354.109436414741,15196.333779351145,0.15165876777251186,31.0,0.06635071090047394,86.0,0.08530805687203792,18.0,31550.44321576589,10.0,16354.109436414741,18.0,15196.333779351145,19.0,0.008649973686106014,32.0,0.4323770491803279,101.0,0.0675693519469134,96.0,0.0068829134938473485,27.0,0.0074428652653732354,21.0,0.0069332112875019275,14.0
144,normal,23,9,14,15760.569737722006,5832.777173902304,9927.792563819703,0.1090047393364929,169.0,0.04265402843601896,183.0,0.06635071090047394,78.0,15760.569737722006,193.0,5832.777173902304,200.0,9927.792563819703,122.0,0.0045047376056703,167.0,0.4026717557251908,187.0,0.04337564296813138,191.0,0.003834503327117495,137.0,0.0016724518787798518,210.0,0.0036929972170442367,154.0
145,normal,24,10,14,21287.1514369246,10485.486187458915,10801.665249465685,0.1137440758293839,156.0,0.047393364928909956,165.0,0.06635071090047394,78.0,21287.1514369246,106.0,10485.486187458915,106.0,10801.665249465685,106.0,0.004525583656503283,166.0,0.40733590733590735,177.0,0.047080192073333284,180.0,0.0035400757982300846,147.0,0.004533208394940805,98.0,0.004891501844006721,86.0
146,normal,18,9,9,14789.8313037831,5139.24164357373,9650.58966020937,0.08530805687203792,204.0,0.04265402843601896,183.0,0.04265402843601896,190.0,14789.8313037831,200.0,5139.24164357373,208.0,9650.58966020937,131.0,0.002862501488738774,200.0,0.41865079365079366,146.0,0.05069023903367782,167.0,0.0032942787571552693,163.0,0.0021053443526198854,202.0,0.0024962704416974786,205.0
147,normal,16,10,6,18895.67472354132,12437.240578346331,6458.434145194991,0.07582938388625593,209.0,0.047393364928909956,165.0,0.028436018957345974,210.0,18895.67472354132,148.0,12437.240578346331,66.0,6458.434145194991,193.0,0.002219048965227756,209.0,0.4097087378640777,173.0,0.04853165097932594,173.0,0.002736610760121466,187.0,0.0052144180447135915,74.0,0.004802569120507667,94.0
148,normal,26,10,16,20878.926000621475,7682.991753358867,13195.934247262607,0.12322274881516589,120.0,0.047393364928909956,165.0,0.07582938388625593,42.0,20878.926000621475,116.0,7682.991753358867,169.0,13195.934247262607,45.0,0.005357677909891125,141.0,0.4042145593869732,185.0,0.044653920726914244,185.0,0.006865794676570796,28.0,0.0032066565177743013,162.0,0.0035946375904827646,162.0
149,normal,30,15,15,23779.0877090708,10353.110469368008,13425.977239702795,0.14218009478672988,52.0,0.07109004739336494,60.0,0.07109004739336494,60.0,23779.0877090708,58.0,10353.110469368008,110.0,13425.977239702795,44.0,0.008901534551906998,26.0,0.4451476793248945,59.0,0.07104671872058048,88.0,0.005522873570842626,60.0,0.0038992500296837185,129.0,0.004762495454341402,95.0
150,normal,29,12,17,26614.111260570702,8575.049077971424,18039.06218259928,0.13744075829383887,69.0,0.05687203791469195,127.0,0.08056872037914692,25.0,26614.111260570702,32.0,8575.049077971424,150.0,18039.06218259928,8.0,0.006997706395145439,77.0,0.42973523421588594,112.0,0.0627535903666027,124.0,0.010210032766361841,3.0,0.003156374769039686,165.0,0.003910786577597323,142.0
151,normal,19,11,8,20074.089242472153,10092.340631547746,9981.74861092441,0.09004739336492892,201.0,0.05213270142180095,153.0,0.037914691943127965,197.0,20074.089242472153,132.0,10092.340631547746,115.0,9981.74861092441,119.0,0.004020389263118058,180.0,0.4194831013916501,144.0,0.052974485916637545,156.0,0.004106153332602077,125.0,0.003392347201798414,153.0,0.005950563397279976,45.0
152,normal,31,14,17,25877.54683852494,7160.374008331915,18717.172830193023,0.14691943127962087,36.0,0.06635071090047394,86.0,0.08056872037914692,25.0,25877.54683852494,35.0,7160.374008331915,180.0,18717.172830193023,5.0,0.007880645518536806,46.0,0.43149284253578735,102.0,0.06698951168687255,99.0,0.009844671259212436,4.0,0.0031080364694565776,167.0,0.0032277759994242426,185.0
153,normal,25,16,9,21972.563524207977,15975.370878851747,5997.192645356229,0.11848341232227488,134.0,0.07582938388625593,42.0,0.04265402843601896,190.0,21972.563524207977,95.0,15975.370878851747,22.0,5997.192645356229,200.0,0.004481396104850382,168.0,0.4395833333333333,78.0,0.07384628958285236,74.0,0.002632102141793294,191.0,0.008597486640840668,8.0,0.00553035428512419,53.0
154,normal,24,14,10,19550.07709247749,10655.394916804467,8894.682175673022,0.1137440758293839,156.0,0.06635071090047394,86.0,0.047393364928909956,177.0,19550.07709247749,139.0,10655.394916804467,96.0,8894.682175673022,149.0,0.00416498285290832,178.0,0.4306122448979592,107.0,0.06228845039481018,126.0,0.004388701121378469,112.0,0.004712290289831825,91.0,0.004083101326728137,130.0
155,normal,23,12,11,19096.957593588333,11105.32697396226,7991.630619626075,0.1090047393364929,169.0,0.05687203791469195,127.0,0.05213270142180095,157.0,19096.957593588333,143.0,11105.32697396226,88.0,7991.630619626075,172.0,0.004621363583172233,161.0,0.4178217821782178,149.0,0.054547873809895384,151.0,0.003293426925884177,164.0,0.004372035466083145,110.0,0.004515533185501647,108.0
156,normal,24,13,11,17360.15744446989,10566.712396920924,6793.445047548964,0.1137440758293839,156.0,0.06161137440758294,109.0,0.05213270142180095,157.0,17360.15744446989,172.0,10566.712396920924,101.0,6793.445047548964,189.0,0.005131768288254108,149.0,0.42886178861788615,118.0,0.06642572834816045,105.0,0.002830991190678499,180.0,0.0038004658655096763,134.0,0.005300630942776345,69.0
157,normal,21,8,13,18872.754226801713,4805.480119861704,14067.27410694001,0.0995260663507109,186.0,0.037914691943127965,197.0,0.06161137440758294,104.0,18872.754226801713,149.0,4805.480119861704,210.0,14067.27410694001,34.0,0.003191669125393961,194.0,0.38786764705882354,211.0,0.03324756072718154,211.0,0.006042181158783998,48.0,0.0021157789670587577,201.0,0.002053952069548533,212.0
158,normal,39,18,21,30144.88292390338,16179.84434605746,13965.03857784592,0.18483412322274884,5.0,0.08530805687203792,19.0,0.0995260663507109,6.0,30144.88292390338,18.0,16179.84434605746,20.0,13965.03857784592,36.0,0.012178959396449696,4.0,0.46373626373626375,17.0,0.09182656064170262,21.0,0.006968878292458423,25.0,0.00740677817733465,22.0,0.006554726937414493,25.0
159,normal,25,10,15,17421.206686057158,6746.042591856264,10675.164094200893,0.11848341232227488,134.0,0.047393364928909956,165.0,0.07109004739336494,60.0,17421.206686057158,170.0,6746.042591856264,188.0,10675.164094200893,110.0,0.005534210453950252,127.0,0.4137254901960784,166.0,0.05557592902530811,148.0,0.0040991454611513534,126.0,0.0023413176952125523,198.0,0.003363207886520834,177.0
160,normal,20,12,8,16229.748638183868,9776.29539944977,6453.453238734099,0.09478672985781991,193.0,0.05687203791469195,127.0,0.037914691943127965,197.0,16229.748638183868,185.0,9776.29539944977,123.0,6453.453238734099,194.0,0.002700187742537955,205.0,0.4254032258064516,131.0,0.06038868000419978,130.0,0.0027621983483046473,184.0,0.004602564990749125,95.0,0.004201284574297354,125.0
161,normal,30,11,19,25753.58160077792,12853.266414398604,12900.31518637932,0.14218009478672988,52.0,0.05213270142180095,153.0,0.09004739336492892,12.0,25753.58160077792,39.0,12853.266414398604,60.0,12900.31518637932,48.0,0.007213672993647653,67.0,0.41865079365079366,146.0,0.058579750930717586,137.0,0.005975554886170893,49.0,0.004589417381550904,96.0,0.006202803002108524,33.0
162,normal,26,12,14,22184.07786411087,6741.425259502234,15442.652604608635,0.12322274881516589,120.0,0.05687203791469195,127.0,0.06635071090047394,78.0,22184.07786411087,89.0,6741.425259502234,189.0,15442.652604608635,17.0,0.005923714904985494,113.0,0.422,137.0,0.05216604289543441,159.0,0.007352898324922547,19.0,0.0025309390791492946,187.0,0.003079517587933259,188.0
163,normal,28,15,13,31038.312644340804,18204.577317447962,12833.735326892842,0.13270142180094788,79.0,0.07109004739336494,60.0,0.06161137440758294,104.0,31038.312644340804,12.0,18204.577317447962,9.0,12833.735326892842,50.0,0.005947953246725483,111.0,0.433264887063655,96.0,0.07183902625380634,85.0,0.007252250218798885,20.0,0.008524700706065475,9.0,0.006437817570094878,28.0
164,normal,16,8,8,11987.22063621158,6956.652919290025,5030.567716921554,0.07582938388625593,209.0,0.037914691943127965,197.0,0.037914691943127965,197.0,11987.22063621158,211.0,6956.652919290025,184.0,5030.567716921554,207.0,0.0024184479181308745,206.0,0.3914656771799629,209.0,0.03689509569616778,209.0,0.002091500727106746,204.0,0.0033020804743814584,156.0,0.0030313399559080438,191.0
165,normal,32,16,16,18561.86321268928,7645.242629974651,10916.62058271463,0.15165876777251186,31.0,0.07582938388625593,42.0,0.07582938388625593,42.0,18561.86321268928,156.0,7645.242629974651,171.0,10916.62058271463,102.0,0.009077977266458426,23.0,0.43415637860082307,92.0,0.07433149321075491,72.0,0.004231150225816845,120.0,0.0034554796203304567,147.0,0.003257639869609497,180.0
166,normal,30,18,12,22451.09293713073,16883.17261046746,5567.920326663268,0.14218009478672988,52.0,0.08530805687203792,19.0,0.05687203791469195,135.0,22451.09293713073,81.0,16883.17261046746,14.0,5567.920326663268,204.0,0.008076768257362633,38.0,0.4617067833698031,20.0,0.09568464405569536,12.0,0.0023223417028387003,200.0,0.008407141243158642,11.0,0.007468978528812484,7.0
167,normal,24,15,9,21028.679078839807,11143.052762421106,9885.626316418702,0.1137440758293839,156.0,0.07109004739336494,60.0,0.04265402843601896,190.0,21028.679078839807,110.0,11143.052762421106,85.0,9885.626316418702,124.0,0.004256853491175064,175.0,0.43685300207039335,87.0,0.07641240271152114,61.0,0.004180061350782658,124.0,0.003872768784063682,131.0,0.00533460569489874,65.0
168,normal,21,15,6,16772.15422927071,11998.10953083711,4774.0446984335995,0.0995260663507109,186.0,0.07109004739336494,60.0,0.028436018957345974,210.0,16772.15422927071,179.0,11998.10953083711,73.0,4774.0446984335995,208.0,0.0027982176750345252,203.0,0.4557235421166307,27.0,0.0835570233488956,35.0,0.0017875209293440933,207.0,0.0079756612285953,15.0,0.004857595439743373,90.0
169,normal,30,18,12,25597.361535409374,18991.65964322177,6605.701892187605,0.14218009478672988,52.0,0.08530805687203792,19.0,0.05687203791469195,135.0,25597.361535409374,42.0,18991.65964322177,7.0,6605.701892187605,191.0,0.0074931957813230456,58.0,0.4518201284796574,37.0,0.08819468410258448,25.0,0.0023537254865619076,199.0,0.008225856308889105,13.0,0.008198064892354893,5.0
170,normal,37,13,24,35475.65446715043,10414.912342606376,25060.742124544056,0.17535545023696683,8.0,0.06161137440758294,109.0,0.1137440758293839,1.0,35475.65446715043,2.0,10414.912342606376,108.0,25060.742124544056,1.0,0.00995057217886769,15.0,0.4245472837022133,132.0,0.06044836478215453,129.0,0.013352443842827041,1.0,0.004152748613510287,119.0,0.00413871577558722,128.0
171,normal,36,22,14,29207.818514228245,19276.676199188812,9931.142315039435,0.17061611374407584,11.0,0.1042654028436019,4.0,0.06635071090047394,78.0,29207.818514228245,21.0,19276.676199188812,5.0,9931.142315039435,121.0,0.010348526490156504,14.0,0.4752252252252252,5.0,0.10558927154798499,3.0,0.003948641457580404,130.0,0.008444861279542144,10.0,0.007326921070717872,10.0
172,normal,31,11,20,18449.195063823347,6285.052792349917,12164.142271473429,0.14691943127962087,36.0,0.05213270142180095,153.0,0.09478672985781991,8.0,18449.195063823347,159.0,6285.052792349917,193.0,12164.142271473429,68.0,0.007111107814420402,72.0,0.4194831013916501,144.0,0.05234679072764584,158.0,0.005365458498692593,68.0,0.002535723823613937,186.0,0.0029069693080842904,198.0
173,normal,25,13,12,18898.729682903017,9941.494880699605,8957.234802203413,0.11848341232227488,134.0,0.06161137440758294,109.0,0.05687203791469195,135.0,18898.729682903017,147.0,9941.494880699605,121.0,8957.234802203413,148.0,0.005190389964772708,146.0,0.4279918864097363,121.0,0.06426062482819798,117.0,0.0044110536118451,111.0,0.0037000187490630458,136.0,0.004607598961814004,103.0
174,normal,34,12,22,24372.003797864563,9382.630177377467,14989.373620487098,0.16113744075829384,15.0,0.05687203791469195,127.0,0.1042654028436019,3.0,24372.003797864563,53.0,9382.630177377467,132.0,14989.373620487098,20.0,0.007721030766518522,53.0,0.41453831041257366,165.0,0.05103887971709255,165.0,0.006583679325697226,33.0,0.00415942449545482,118.0,0.0031701083427525673,187.0
175,normal,22,8,14,18290.250955664236,6197.42748459335,12092.823471070888,0.1042654028436019,177.0,0.037914691943127965,197.0,0.06635071090047394,78.0,18290.250955664236,162.0,6197.42748459335,194.0,12092.823471070888,74.0,0.0032958849109347805,193.0,0.39587242026266417,205.0,0.03905686672277559,203.0,0.005200229812493106,75.0,0.0020720795003822674,205.0,0.003324005301632585,178.0
176,normal,33,18,15,20925.5127376412,11110.63546926789,9814.87726837331,0.15639810426540285,18.0,0.08530805687203792,19.0,0.07109004739336494,60.0,20925.5127376412,113.0,11110.63546926789,86.0,9814.87726837331,127.0,0.010886644925645068,10.0,0.45085470085470086,38.0,0.09068268335850121,22.0,0.0027557797589898804,185.0,0.004322822680803125,112.0,0.00473527278703107,97.0
177,normal,27,11,16,19931.440864931315,7757.328130936572,12174.112733994743,0.1279620853080569,99.0,0.05213270142180095,153.0,0.07582938388625593,42.0,19931.440864931315,134.0,7757.328130936572,167.0,12174.112733994743,66.0,0.006168770999433425,101.0,0.4153543307086614,161.0,0.05205775338809346,160.0,0.005024311519098354,81.0,0.0031629547266914322,164.0,0.003537229173267142,168.0
178,normal,24,10,14,20166.41153542821,8820.206214036181,11346.205321392028,0.1137440758293839,156.0,0.047393364928909956,165.0,0.06635071090047394,78.0,20166.41153542821,127.0,8820.206214036181,144.0,11346.205321392028,90.0,0.004711340188823636,154.0,0.4049904030710173,184.0,0.043365118662610745,192.0,0.005056467023913627,80.0,0.003414829011996676,151.0,0.0035811881230592285,166.0
179,normal,25,11,14,20899.50237392295,8655.206688084747,12244.295685838206,0.11848341232227488,134.0,0.05213270142180095,153.0,0.06635071090047394,78.0,20899.50237392295,114.0,8655.206688084747,146.0,12244.295685838206,64.0,0.006096667866531714,105.0,0.40733590733590735,177.0,0.04635339956534666,182.0,0.004777425296576074,92.0,0.004777365795854215,89.0,0.0028962421247814354,199.0
180,normal,27,16,11,16784.44858050478,10171.656469292107,6612.792111212671,0.1279620853080569,99.0,0.07582938388625593,42.0,0.05213270142180095,157.0,16784.44858050478,178.0,10171.656469292107,113.0,6612.792111212671,190.0,0.006209153753122405,100.0,0.44989339019189767,39.0,0.07837973529611703,54.0,0.0028524645637062625,179.0,0.00345796344228803,145.0,0.004809203107649102,93.0
181,normal,39,15,24,32809.53834971963,13272.206764008266,19537.331585711363,0.18483412322274884,5.0,0.07109004739336494,60.0,0.1137440758293839,1.0,32809.53834971963,5.0,13272.206764008266,50.0,19537.331585711363,4.0,0.012552457886338972,3.0,0.4442105263157895,61.0,0.07270594491386487,78.0,0.00862771042868063,7.0,0.005845391186599768,57.0,0.00595125418814347,43.0
182,normal,24,9,15,13903.67867913039,6624.899091110183,7278.779588020207,0.1137440758293839,156.0,0.04265402843601896,183.0,0.07109004739336494,60.0,13903.67867913039,207.0,6624.899091110183,191.0,7278.779588020207,183.0,0.004824337632084173,152.0,0.40733590733590735,177.0,0.04597911286238127,184.0,0.00280351211572837,181.0,0.001992968109401961,206.0,0.0032240421643685508,186.0
183,normal,31,17,14,25245.148649949548,13064.60439729286,12180.544252656688,0.14691943127962087,36.0,0.08056872037914692,30.0,0.06635071090047394,78.0,25245.148649949548,43.0,13064.60439729286,55.0,12180.544252656688,65.0,0.007071961699488103,74.0,0.44893617021276594,42.0,0.08360419180871025,34.0,0.005113459558329194,79.0,0.005175782387658532,75.0,0.005819794679682714,50.0
184,normal,22,9,13,18940.276123565338,9473.757115719185,9466.519007846151,0.1042654028436019,177.0,0.04265402843601896,183.0,0.06161137440758294,104.0,18940.276123565338,144.0,9473.757115719185,129.0,9466.519007846151,135.0,0.003969057061913861,181.0,0.40576923076923077,183.0,0.04295304463936727,193.0,0.0035707304379342677,146.0,0.004584809410659215,97.0,0.003628826729981719,159.0
185,normal,26,12,14,21560.622041770086,7176.492299155915,14384.129742614172,0.12322274881516589,120.0,0.05687203791469195,127.0,0.06635071090047394,78.0,21560.622041770086,103.0,7176.492299155915,178.0,14384.129742614172,29.0,0.005448077346799855,136.0,0.4203187250996016,143.0,0.057859011305457196,139.0,0.007741932770954379,13.0,0.003626612210830037,140.0,0.0029935080099296506,192.0
186,normal,28,16,12,21921.057781063493,10870.867836777592,11050.1899442859,0.13270142180094788,79.0,0.07582938388625593,42.0,0.05687203791469195,135.0,21921.057781063493,99.0,10870.867836777592,93.0,11050.1899442859,98.0,0.006164563671959761,102.0,0.45278969957081544,34.0,0.07873348240423973,52.0,0.004526689105233356,106.0,0.004467889156335371,100.0,0.0043027515539352645,117.0
187,normal,30,15,15,27353.28704271381,16088.518110323084,11264.768932390729,0.14218009478672988,52.0,0.07109004739336494,60.0,0.07109004739336494,60.0,27353.28704271381,28.0,16088.518110323084,21.0,11264.768932390729,93.0,0.0075145013472713105,56.0,0.4245472837022133,132.0,0.06310163824487378,121.0,0.004287879540977969,119.0,0.007831944474052967,17.0,0.005993152613590714,40.0
188,normal,31,15,16,23338.92617174344,11192.19591904249,12146.730252700949,0.14691943127962087,36.0,0.07109004739336494,60.0,0.07582938388625593,42.0,23338.92617174344,65.0,11192.19591904249,84.0,12146.730252700949,71.0,0.008017824759738258,41.0,0.4470338983050847,53.0,0.07466152044178748,70.0,0.005853725249629369,52.0,0.004441199079913292,104.0,0.005158295537666863,74.0
189,normal,25,13,12,18476.491459108303,10110.048021615721,8366.443437492582,0.11848341232227488,134.0,0.06161137440758294,109.0,0.05687203791469195,135.0,18476.491459108303,157.0,10110.048021615721,114.0,8366.443437492582,161.0,0.005435894840545315,139.0,0.43149284253578735,102.0,0.06299629772067113,122.0,0.003063568614529027,170.0,0.004709630802278629,92.0,0.003568917330660824,167.0
190,normal,28,17,11,22148.467044218738,14127.565688100909,8020.901356117828,0.13270142180094788,79.0,0.08056872037914692,30.0,0.05213270142180095,157.0,22148.467044218738,91.0,14127.565688100909,41.0,8020.901356117828,171.0,0.007214653973662333,66.0,0.44608879492600423,58.0,0.08057613177241779,49.0,0.0025525954541299346,194.0,0.0060398316775042765,50.0,0.0060258946030309415,36.0
191,normal,30,17,13,22084.3034372002,12089.72124726608,9994.58218993412,0.14218009478672988,52.0,0.08056872037914692,30.0,0.06161137440758294,104.0,22084.3034372002,92.0,12089.72124726608,71.0,9994.58218993412,118.0,0.007579001655428067,55.0,0.45670995670995673,26.0,0.08664569703314955,30.0,0.004806288697563654,91.0,0.0053111988171938886,68.0,0.005337518918849599,63.0
192,normal,26,15,11,17858.747296557813,8653.495533678044,9205.25176287977,0.12322274881516589,120.0,0.07109004739336494,60.0,0.05213270142180095,157.0,17858.747296557813,168.0,8653.495533678044,147.0,9205.25176287977,141.0,0.005893212897298349,115.0,0.4442105263157895,61.0,0.07221868081175066,81.0,0.0042017201643582995,122.0,0.0029623872582212685,174.0,0.004076315444094425,132.0
193,normal,25,12,13,17374.044144024738,12787.945199551026,4586.098944473711,0.11848341232227488,134.0,0.05687203791469195,127.0,0.06161137440758294,104.0,17374.044144024738,171.0,12787.945199551026,63.0,4586.098944473711,210.0,0.005982589212183249,109.0,0.41699604743083,153.0,0.05752629227406015,141.0,0.001734977731314795,208.0,0.005480675360318327,64.0,0.005966410945824121,42.0
194,normal,27,12,15,20764.380279656525,10026.274066945454,10738.10621271107,0.1279620853080569,99.0,0.05687203791469195,127.0,0.07109004739336494,60.0,20764.380279656525,119.0,10026.274066945454,118.0,10738.10621271107,107.0,0.0067372127803999775,83.0,0.422,137.0,0.05339059240717832,154.0,0.0034425677070575506,154.0,0.00440109598007336,108.0,0.0036277549511546364,160.0
195,normal,27,13,14,22580.010387043192,12375.57631944496,10204.434067598233,0.1279620853080569,99.0,0.06161137440758294,109.0,0.06635071090047394,78.0,22580.010387043192,79.0,12375.57631944496,67.0,10204.434067598233,116.0,0.007326071095148502,64.0,0.42973523421588594,112.0,0.0667224553069785,103.0,0.0038529412392231672,136.0,0.004263098978075998,115.0,0.006373521954808358,29.0
196,normal,29,9,20,23676.421367347146,7169.114290530876,16507.30707681627,0.13744075829383887,69.0,0.04265402843601896,183.0,0.09478672985781991,8.0,23676.421367347146,61.0,7169.114290530876,179.0,16507.30707681627,14.0,0.0058091164892377,118.0,0.4026717557251908,187.0,0.047467792103646815,176.0,0.0077181509112729365,14.0,0.0027534447226575066,181.0,0.0038757050044089065,144.0
197,normal,22,11,11,16012.799189636402,7934.970476917628,8077.828712718774,0.1042654028436019,177.0,0.05213270142180095,153.0,0.05213270142180095,157.0,16012.799189636402,190.0,7934.970476917628,165.0,8077.828712718774,169.0,0.003809465551972652,184.0,0.4137254901960784,166.0,0.05111875523434322,164.0,0.004610275733502227,103.0,0.003408072578175501,152.0,0.0036714517242901097,155.0
198,normal,27,11,16,18467.129561642243,8564.009655996715,9903.11990564553,0.1279620853080569,99.0,0.05213270142180095,153.0,0.07582938388625593,42.0,18467.129561642243,158.0,8564.009655996715,151.0,9903.11990564553,123.0,0.006685357587836479,85.0,0.4153543307086614,161.0,0.051390597888505356,162.0,0.00438296792122178,113.0,0.002979777700581288,172.0,0.004676846107921306,98.0
199,normal,28,17,11,19551.06248651743,11672.59455191766,7878.467934599768,0.13270142180094788,79.0,0.08056872037914692,30.0,0.05213270142180095,157.0,19551.06248651743,138.0,11672.59455191766,78.0,7878.467934599768,175.0,0.006670252880877812,86.0,0.4547413793103448,29.0,0.0815245753498976,42.0,0.0035010418054739092,148.0,0.0054141719893195505,65.0,0.004287412970314431,119.0
200,normal,24,10,14,20635.314501764984,8088.570546358712,12546.743955406271,0.1137440758293839,156.0,0.047393364928909956,165.0,0.06635071090047394,78.0,20635.314501764984,121.0,8088.570546358712,163.0,12546.743955406271,57.0,0.005248096921419847,143.0,0.4026717557251908,187.0,0.04716605595034607,179.0,0.0059433767347184365,51.0,0.003003775099789582,171.0,0.0038089632860156715,150.0
201,normal,26,15,11,22618.127427621206,15286.094855140213,7332.032572480992,0.12322274881516589,120.0,0.07109004739336494,60.0,0.05213270142180095,157.0,22618.127427621206,78.0,15286.094855140213,29.0,7332.032572480992,180.0,0.00529105483244881,142.0,0.43775933609958506,85.0,0.07339150454462105,76.0,0.00291690680174701,174.0,0.007403901995722108,23.0,0.00575611547878421,51.0
202,normal,28,15,13,21663.911544831528,9814.085791844353,11849.825752987173,0.13270142180094788,79.0,0.07109004739336494,60.0,0.06161137440758294,104.0,21663.911544831528,101.0,9814.085791844353,122.0,11849.825752987173,78.0,0.005766709057962859,119.0,0.4442105263157895,61.0,0.07871089086960968,53.0,0.006362175858392572,39.0,0.0036250385764664728,141.0,0.004653283743156682,100.0
203,normal,24,15,9,22950.150062061155,12947.998158030141,10002.151904031016,0.1137440758293839,156.0,0.07109004739336494,60.0,0.04265402843601896,190.0,22950.150062061155,74.0,12947.998158030141,58.0,10002.151904031016,117.0,0.0038693074384208233,183.0,0.4395833333333333,78.0,0.07643412882354328,60.0,0.004638246824898463,101.0,0.00530278261530396,69.0,0.004860342444014959,89.0
204,normal,31,14,17,23054.326273195453,9228.871772443794,13825.45450075166,0.14691943127962087,36.0,0.06635071090047394,86.0,0.08056872037914692,25.0,23054.326273195453,71.0,9228.871772443794,134.0,13825.45450075166,37.0,0.008795120530335846,29.0,0.43685300207039335,87.0,0.06783433659530458,95.0,0.005218616154399664,73.0,0.0035110700886444835,144.0,0.005114745546440269,77.0
205,normal,33,14,19,28201.479638965007,12817.421981164405,15384.057657800604,0.15639810426540285,18.0,0.06635071090047394,86.0,0.09004739336492892,12.0,28201.479638965007,25.0,12817.421981164405,62.0,15384.057657800604,18.0,0.008821046060382606,28.0,0.43149284253578735,102.0,0.06677951944055058,102.0,0.006330356137394561,40.0,0.007175514565268327,27.0,0.00422210328526506,122.0
206,normal,28,14,14,21670.61954103894,10066.416899602224,11604.202641436716,0.13270142180094788,79.0,0.06635071090047394,86.0,0.06635071090047394,78.0,21670.61954103894,100.0,10066.416899602224,117.0,11604.202641436716,86.0,0.006259910287602165,95.0,0.4271255060728745,123.0,0.06528826240884048,112.0,0.004848061097860383,89.0,0.004411157621042367,106.0,0.00381526132879253,148.0
207,normal,27,12,15,27131.655575644232,12703.921485255583,14427.734090388647,0.1279620853080569,99.0,0.05687203791469195,127.0,0.07109004739336494,60.0,27131.655575644232,30.0,12703.921485255583,64.0,14427.734090388647,27.0,0.0055265024100355255,128.0,0.41699604743083,153.0,0.05516346626955171,149.0,0.0076486583121915626,15.0,0.006404915155210804,41.0,0.004452250824048077,112.0
208,normal,33,11,22,33125.97415706924,11192.213890626823,21933.76026644242,0.15639810426540285,18.0,0.05213270142180095,153.0,0.1042654028436019,3.0,33125.97415706924,3.0,11192.213890626823,83.0,21933.76026644242,2.0,0.009096059304915992,22.0,0.4161735700197239,156.0,0.05417884616114227,152.0,0.010335888838025243,2.0,0.004997234061246119,82.0,0.005418642054447269,57.0
209,normal,27,16,11,25205.214106506217,15963.516482330548,9241.69762417567,0.1279620853080569,99.0,0.07582938388625593,42.0,0.05213270142180095,157.0,25205.214106506217,45.0,15963.516482330548,23.0,9241.69762417567,140.0,0.005526451618405648,129.0,0.4405010438413361,74.0,0.07191178568657292,83.0,0.004097147455390184,127.0,0.009133493741796032,6.0,0.005192738451946522,73.0
210,normal,22,6,16,15233.236838810797,4844.220803650708,10389.01603516009,0.1042654028436019,177.0,0.028436018957345974,212.0,0.07582938388625593,42.0,15233.236838810797,196.0,4844.220803650708,209.0,10389.01603516009,114.0,0.002915345871471061,198.0,0.37881508078994613,212.0,0.026724183700889755,212.0,0.003921113693611999,131.0,0.0022586241597733585,200.0,0.002180440925238435,210.0
211,normal,28,10,18,20106.97869420997,6491.871353563646,13615.107340646326,0.13270142180094788,79.0,0.047393364928909956,165.0,0.08530805687203792,18.0,20106.97869420997,130.0,6491.871353563646,192.0,13615.107340646326,39.0,0.005942913154834249,112.0,0.4097087378640777,173.0,0.04720922944526186,178.0,0.005605970175252108,58.0,0.0020779730602577887,204.0,0.003589807658395407,163.0
