node_id,type,degree,degree_rank,strength,strength_rank,betweenness,betweenness_rank,closeness,closeness_rank,eigenvector,eigenvector_rank,pagerank,pagerank_rank,hits_hubs,hits_hubs_rank,hits_authorities,hits_authorities_rank,indegree,indegree_rank,outdegree,outdegree_rank,instrength,instrength_rank,outstrength,outstrength_rank
0,normal,0.135678391959799,139,132.30486442934858,143,0.0038304089048022006,168,0.454337899543379,85,0.07284991984942668,74,0.005494848107938315,57,0.002551573762949771,191,0.006415484411317308,35,18,34,9,191,96.54084445997069,23,35.764019969377905,195
1,normal,0.135678391959799,142,151.1174166806696,96,0.005561761122918814,112,0.43544857768052514,156,0.059084475828130464,141,0.005580040992528832,51,0.003702404367200604,165,0.005977027020668722,50,14,131,13,146,89.94598759109338,35,61.17142908957623,146
2,normal,0.12562814070351758,164,118.88314513898123,171,0.0032695581696537915,190,0.4392935982339956,145,0.06465690959437158,120,0.004514726228698516,123,0.0037892589055111866,160,0.004782187103947616,111,14,129,11,165,68.64424115334107,122,50.23890398564016,175
3,normal,0.15577889447236182,79,153.151479125881,92,0.006029223877135444,97,0.45227272727272727,91,0.07086327754984383,86,0.005399222787016108,64,0.0038937755000417024,146,0.00655936505171533,31,17,43,14,119,94.10898530696116,29,59.04249381891983,154
4,normal,0.1658291457286432,54,161.44557746683842,64,0.007765379598227601,47,0.45227272727272727,92,0.06612050753238856,113,0.005220167511792383,79,0.006380682612359762,36,0.00384268597264033,155,13,143,20,22,63.92478412644411,146,97.52079334039429,31
5,normal,0.1457286432160804,119,144.91972555546107,109,0.004984855237370345,141,0.4617169373549884,59,0.08224115518787325,38,0.005189662138062541,82,0.004373568312922354,129,0.006313738287465786,37,18,39,11,177,82.7495969618997,59,62.17012859356139,145
6,normal,0.18090452261306533,29,193.2223748458535,11,0.009999076737538455,12,0.48894348894348894,12,0.0960472543705938,17,0.006648308012102822,18,0.007160344493737965,18,0.0056900433420309995,55,18,40,18,43,89.46540860950043,36,103.75696623635308,19
7,black_hole,0.135678391959799,140,117.13967769712296,181,0.005243105257754573,125,0.46064814814814814,61,0.07168670562903343,79,0.004803014063797907,107,0.003471362532642114,174,0.004253231155489465,135,16,71,11,173,65.26154755067395,137,51.87813014644901,173
8,normal,0.135678391959799,146,127.12983594654636,154,0.0051224950037044616,135,0.45537757437070936,82,0.07372471914324799,66,0.005388984191522829,67,0.003448715673480802,175,0.005095757876901469,89,17,47,10,180,78.43528058357654,81,48.69455536296983,182
9,normal,0.19597989949748745,6,188.84217397089782,15,0.010690760518573799,5,0.4830097087378641,18,0.09220491064946686,22,0.00649421888225465,22,0.005315837525376152,76,0.007208333164406183,17,21,16,18,44,106.39566158322681,19,82.446512387671,62
10,normal,0.1457286432160804,112,141.95271954463803,119,0.005986759923114817,99,0.4574712643678161,72,0.07576693599582054,55,0.005393258287098985,66,0.0035905189305204975,169,0.006007994448015795,47,16,80,13,131,83.05569574175898,57,58.89702380287904,155
11,normal,0.1708542713567839,43,156.0530003138267,80,0.007596064581293411,50,0.4627906976744186,54,0.07286828778882369,73,0.004406171460159449,137,0.005476664370782098,66,0.004965507471023458,100,16,82,18,47,70.20893905649541,112,85.84406125733128,51
12,normal,0.18090452261306533,28,190.7467064370548,12,0.008769551782187609,28,0.49502487562189057,5,0.1019950886124343,8,0.007592633836006575,8,0.004381150456313949,128,0.008258807328754593,4,23,8,13,134,119.41916897800589,6,71.32753745904891,109
13,normal,0.12060301507537688,173,118.37986678625458,172,0.003624585683774404,176,0.4451901565995526,122,0.06635592557363754,111,0.004223066347081105,151,0.003546072384221073,173,0.004963250942114487,101,14,124,10,179,68.42780029778018,125,49.9520664884744,176
14,normal,0.11055276381909548,192,129.17466131677162,150,0.0033148926174887045,187,0.4171907756813417,183,0.04819153780508758,177,0.0045518140478432376,119,0.003293480877448947,179,0.004509516263136494,125,11,167,11,167,69.94529207406873,113,59.2293692427029,153
15,normal,0.135678391959799,143,143.90370733378725,112,0.006666608046517333,77,0.44222222222222224,133,0.06040373543024277,137,0.004444969579306435,133,0.004575661004126537,115,0.0037280316888331057,161,13,147,14,114,63.15543583444989,153,80.74827149933736,70
16,normal,0.15075376884422112,93,159.75479069954227,74,0.005881620525692288,102,0.4492099322799097,110,0.06642091582485396,110,0.00391877634319897,170,0.00756435976154798,13,0.0035806895379504795,168,13,148,17,56,53.80318376479614,173,105.95160693474614,13
17,normal,0.1457286432160804,111,145.06488670891332,107,0.005424007622140013,115,0.44719101123595506,117,0.060620787759325646,136,0.004003779613272967,162,0.00541997216513767,70,0.004251831416525504,136,14,133,15,102,64.5109714811866,143,80.55391522772673,72
18,normal,0.19095477386934673,12,206.22368934470893,7,0.01019375838675317,9,0.4682352941176471,40,0.08346979061169514,32,0.007211214510561911,12,0.006251863343027512,42,0.007114933557690294,18,18,38,20,23,106.52374622250154,18,99.69994312220739,26
19,normal,0.1658291457286432,55,189.92371106547714,13,0.007513905314114781,53,0.4451901565995526,121,0.0635694057234777,126,0.005604634987408986,49,0.00801615927192931,9,0.005333549855362485,75,13,144,20,18,78.37182736689812,82,111.55188369857902,11
20,vulcano,0.19095477386934673,11,213.32377997882338,3,0.009551834142365894,18,0.4533029612756264,90,0.071903659065882,78,0.005507446330110883,56,0.009495850053971503,2,0.005057644317818232,93,14,107,24,2,76.04663798063284,89,137.27714199819053,2
21,normal,0.15075376884422112,95,149.43173069679335,99,0.007350765235264973,57,0.4492099322799097,108,0.06993839042169016,90,0.0054747820279826,59,0.004788622683646455,102,0.0041768579500585205,141,16,74,14,112,74.82803576639272,94,74.60369493040065,96
22,normal,0.1658291457286432,52,150.98064035344595,97,0.007123136952499782,63,0.471563981042654,29,0.08242804843256613,37,0.00626558209637301,31,0.004816661669291679,100,0.0051857589997841074,84,18,37,15,104,84.55867269068267,51,66.42196766276328,128
23,normal,0.1306532663316583,153,127.04784551193232,155,0.003860811379035264,167,0.42795698924731185,168,0.05120261403647718,170,0.003473506784233053,180,0.005220106124516777,80,0.003642596416783159,165,13,149,13,135,56.28820088242895,166,70.75964462950337,110
24,normal,0.18090452261306533,25,188.40993527197455,16,0.008913329795910719,24,0.48894348894348894,13,0.10079792026738513,9,0.006628985796737436,19,0.005045684516179497,89,0.008065379638703045,7,21,14,15,98,109.61133885129945,14,78.7985964206751,77
25,normal,0.11557788944723618,184,110.98743738664352,188,0.0038798787272446445,164,0.44320712694877507,132,0.059021347705287205,142,0.005154834590770554,84,0.0023487043813026458,197,0.004790533845946689,110,14,109,9,189,75.65550746435426,91,35.33192992228926,197
26,normal,0.1457286432160804,109,140.86154626199746,123,0.007035344383464633,68,0.4461883408071749,119,0.06501210452401313,119,0.005237762335462071,75,0.0038894536128659092,147,0.0052195812057274655,80,15,105,14,115,81.07635168238599,69,59.78519457961146,150
27,normal,0.1457286432160804,122,142.0417707888448,118,0.005488239194379319,113,0.4574712643678161,74,0.07424384409703441,64,0.00537620605626078,68,0.0034062886039333195,176,0.006469839106271682,34,17,58,12,150,92.91644435409047,31,49.12532643475432,180
28,normal,0.18090452261306533,22,178.640262687572,29,0.00907390023902896,21,0.4574712643678161,70,0.07112567216189898,84,0.005126117486595568,87,0.00693014821174429,20,0.004689008373881177,116,18,41,18,50,74.7908561776634,95,103.8494065099086,18
29,normal,0.17587939698492464,33,179.5017026239505,28,0.007811941403780377,45,0.4738095238095238,28,0.08860670426255686,27,0.00654832815859746,20,0.006179919761120309,43,0.006737988872008586,25,19,23,16,76,100.90596310396961,22,78.59573951998091,79
30,normal,0.12060301507537688,171,117.72250716436284,176,0.0036303430641823745,175,0.43832599118942733,148,0.0564000907454607,152,0.004486047170445495,127,0.003589794735244732,170,0.004058283260564153,148,13,142,11,170,69.14695160989322,118,48.57555555446961,183
31,normal,0.12060301507537688,170,124.30721801149551,158,0.003580665626314623,181,0.4502262443438914,104,0.0655312657509064,116,0.004747297248665181,111,0.004039936559541024,139,0.005111273722818379,86,14,113,10,184,72.45566603194844,102,51.85155197954706,174
32,normal,0.11557788944723618,181,103.87278519307739,192,0.0032913642862736183,189,0.402834008097166,194,0.03498633911769215,197,0.002267268109195169,200,0.005355849996837935,73,0.0014763187706458678,200,8,194,15,91,24.92205786309888,200,78.95072732997852,76
33,normal,0.15577889447236182,85,160.77835068952564,69,0.007188801056318162,61,0.4574712643678161,73,0.07026511405510315,89,0.004408880836193468,136,0.004505566167645394,118,0.0052540694154397435,78,15,101,16,79,74.5595188201182,97,86.21883186940744,50
34,normal,0.1407035175879397,126,142.0664747300087,116,0.004591368554218193,148,0.47044917257683216,31,0.08218580665639777,39,0.00601013746040544,39,0.00505752100731754,87,0.005094838141103643,90,17,54,11,171,81.51584169380051,66,60.550633036208204,149
35,normal,0.1407035175879397,125,156.44241248373572,79,0.005592627569442128,111,0.44819819819819817,112,0.070547665367821,87,0.004642882465371701,115,0.004717048959744028,108,0.006769196062647148,24,15,99,13,133,79.43059425076572,76,77.01181823297,84
36,normal,0.15577889447236182,87,154.41175695243132,87,0.0061540446790081405,91,0.4451901565995526,120,0.06835008813006305,97,0.0051187830783281235,88,0.004672476910119856,112,0.00503353499481442,94,15,98,16,77,81.75374649397811,65,72.6580104584532,102
37,normal,0.11055276381909548,189,129.47638154203398,149,0.0034471885343523123,183,0.41458333333333336,186,0.044639678661676355,183,0.004562992666833932,118,0.003878214916202284,148,0.004853071096079126,106,10,184,12,151,66.32292556685566,132,63.15345597517832,139
38,normal,0.1658291457286432,57,157.69776346721784,78,0.007545965479891435,52,0.4492099322799097,106,0.07240833026572466,76,0.005567525994632684,53,0.004558758747614797,116,0.006267576363758629,39,15,97,18,48,85.84162586676581,48,71.85613760045202,107
39,normal,0.1658291457286432,58,159.64624164063622,75,0.008461978121350865,32,0.45958429561200925,64,0.07681386021902388,52,0.006397389449257932,26,0.005130791332884161,85,0.004959963738247685,102,16,64,17,59,81.18224137035081,68,78.46400027028541,80
40,normal,0.16080402010050251,74,162.9770610125055,60,0.006430540764121202,83,0.44320712694877507,129,0.06444539398740116,122,0.004519201267055655,122,0.006288950961051235,40,0.004801143242257049,109,14,117,18,51,70.4106145807081,109,92.5664464317974,39
41,normal,0.18592964824120603,17,189.75987735344665,14,0.009677025009951006,15,0.4693396226415094,37,0.07416312220859289,65,0.004971960992786774,100,0.007478806704102992,14,0.005378716126036475,72,17,59,20,19,80.27411331973713,72,109.48576403370953,12
42,normal,0.1407035175879397,127,142.8723249971221,114,0.005231377134833623,127,0.4574712643678161,75,0.07441152134916096,62,0.005405021663933689,62,0.004931146319471515,93,0.0050086263836415105,96,16,68,12,153,77.30897792489438,85,65.56334707222771,132
43,vulcano,0.15075376884422112,101,144.54562633684847,111,0.00579722513976511,103,0.44222222222222224,135,0.059338202916548774,139,0.004619197413542473,116,0.005713912489865248,57,0.004591712145838409,118,13,138,17,68,64.94605249999091,141,79.59957383685756,74
44,normal,0.12060301507537688,175,124.22301548716594,159,0.0037191405834235253,170,0.4316702819956616,165,0.05899429932431404,143,0.004480938728106225,130,0.0038694872887625664,150,0.004129147991406729,144,12,158,12,154,65.83790552724733,136,58.38510995991861,157
45,normal,0.21608040201005024,2,242.1680595646046,1,0.014076966171549979,1,0.48418491484184917,16,0.09622583770751156,16,0.00803923759572693,4,0.00845907743918674,5,0.007105268599903899,20,21,17,22,10,115.69782202607215,9,126.47023753853244,3
46,normal,0.12060301507537688,176,116.57693984565903,182,0.00396208814954477,161,0.4344978165938865,157,0.056042479068767644,156,0.003968838975602472,169,0.003067484589413842,184,0.00483354290428685,107,13,139,11,174,64.01284578828859,145,52.56409405737044,171
47,normal,0.11557788944723618,186,114.59260428484818,183,0.003096140355742441,195,0.43832599118942733,149,0.06180642240500298,132,0.0050538411818496195,91,0.002066057760784544,200,0.004926831497205878,103,15,100,8,197,79.0897469025572,78,35.50285738229098,196
48,normal,0.12562814070351758,167,126.53724812498629,157,0.005171130010275388,130,0.4261241970021413,170,0.04906995433614927,175,0.0038710918784658817,172,0.004789425552083931,101,0.0024848847230958034,193,11,176,14,118,43.557327185092745,186,82.97992093989355,58
49,normal,0.16080402010050251,67,166.79772324315866,52,0.006865291460493828,72,0.45642201834862384,79,0.06750348451476608,104,0.005643418578818451,46,0.005322292297239325,75,0.00657825702524101,30,14,114,18,37,88.03962931349486,42,78.7580939296638,78
50,normal,0.135678391959799,148,135.58487616660383,132,0.005161907849207676,132,0.43736263736263736,150,0.05866894389369887,145,0.00407772570732865,158,0.004768459319438242,106,0.0037452646339228286,159,12,165,15,88,58.038304605796746,164,77.54657156080708,82
51,normal,0.20603015075376885,4,211.03300348565725,5,0.01276664780536345,3,0.5128865979381443,1,0.13823037906450072,1,0.01126566043679238,1,0.0037617400156432874,164,0.008555439295704554,2,28,1,13,128,144.3280654651662,1,66.70493802049106,127
52,normal,0.1658291457286432,60,161.0863790613463,65,0.007338930576292306,58,0.4512471655328798,98,0.06449061831410316,121,0.005250510906815562,73,0.006128778184722039,44,0.00413728302366086,143,15,95,18,35,69.7111716252222,116,91.3752074361241,40
53,normal,0.1708542713567839,38,163.77546309191735,57,0.008302334387662955,36,0.4649532710280374,44,0.08636333037929637,28,0.006090275070631321,35,0.005240367907876971,79,0.0056659196279877965,57,17,60,17,62,82.13752627616606,63,81.63793681575129,65
54,normal,0.1407035175879397,128,147.47385589970764,103,0.005280222196567713,122,0.4627906976744186,53,0.07601469668155696,54,0.006826535453976031,15,0.003856509542894449,152,0.005502303505195991,66,15,104,13,136,86.58130929440424,45,60.892546605303394,148
55,normal,0.135678391959799,145,142.04480815849382,117,0.004230858706007113,154,0.43832599118942733,147,0.05843510211467485,146,0.004370986145848732,142,0.004678262550718722,111,0.005632919335081103,60,14,119,13,126,75.24848413224558,92,66.79632402624824,125
56,normal,0.135678391959799,149,145.89919816919007,105,0.004474436652305705,150,0.45852534562211983,68,0.07289496773277461,72,0.00544529271867435,61,0.003838862577467963,155,0.006103976427201026,44,15,106,12,162,82.5304363781498,61,63.36876179104026,137
57,normal,0.15075376884422112,99,142.5943158886421,115,0.006142535803195412,93,0.45227272727272727,95,0.06752402248448286,103,0.0044711577855466745,131,0.00467904559394965,110,0.004501360935382264,126,16,73,14,116,72.02859071286582,103,70.56572517577625,111
58,vulcano,0.10552763819095477,193,107.23254768235066,190,0.003203651369533037,192,0.40529531568228105,193,0.0405282547571931,191,0.0032155352533317152,186,0.004309032924181814,132,0.0022747089953901395,196,8,192,13,125,39.047658662642725,194,68.18488901970794,121
59,normal,0.1407035175879397,129,146.5381264108975,104,0.00574873819569784,105,0.45642201834862384,76,0.0687619092050726,95,0.005189057341122936,83,0.0035884727452015694,171,0.006521050787866593,32,15,102,13,138,86.94774784022668,44,59.59037857067081,151
60,normal,0.1457286432160804,113,131.6263674676299,144,0.005727315281841447,106,0.4502262443438914,105,0.06241267995490458,130,0.004214522442921622,152,0.004344789091187355,130,0.004358409337106372,133,14,110,15,93,63.2822398205043,152,68.34412764712559,120
61,normal,0.1457286432160804,114,132.71091001106538,140,0.005240466401102174,126,0.45852534562211983,66,0.07247783994921306,75,0.004419820744166007,135,0.0036088665216377934,168,0.0060440772649193,45,17,49,12,164,79.38440746109102,77,53.32650254997436,168
62,normal,0.08542713567839195,200,94.88145547268061,197,0.0017154003361393175,200,0.42071881606765327,178,0.047918319636691804,178,0.004367999993951258,144,0.0024229587070394893,196,0.004063291240729543,147,11,172,6,200,61.26084371144367,157,33.62061176123695,198
63,normal,0.135678391959799,141,139.81132778507492,124,0.005190214309187096,129,0.4171907756813417,182,0.04931380465136082,173,0.0037814413588550286,173,0.005703343722009,59,0.0031005717117704563,183,11,171,16,82,51.99444703045155,176,87.81688075462337,45
64,normal,0.15075376884422112,100,158.3225676192523,77,0.005893088114625548,101,0.454337899543379,87,0.07297845276524909,71,0.0055798310434778155,52,0.0037842233481973327,162,0.007106334832849678,19,18,33,12,160,101.58636391805358,21,56.736203701198725,162
65,normal,0.1708542713567839,48,159.54051365603573,76,0.005631692147615387,108,0.4189473684210526,180,0.04908982983300049,174,0.0030671141481019653,190,0.00892418163365715,4,0.00271902510530129,191,10,187,24,4,40.31742945940995,190,119.22308419662579,7
66,normal,0.12562814070351758,156,133.37237738807238,136,0.004885091037290972,142,0.44819819819819817,113,0.06685173345821617,107,0.004949668226139322,103,0.003183119585761248,181,0.004421279861575182,130,14,111,11,166,70.38781336812644,110,62.98456401994594,140
67,vulcano,0.1306532663316583,151,121.19843263771087,167,0.005144944884816161,134,0.42250530785562634,176,0.04559624306298982,182,0.003285660580201535,183,0.005923357541333757,50,0.002219584532762645,197,10,186,16,80,39.674596053361,193,81.52383658434987,67
68,normal,0.135678391959799,144,132.32409978089973,142,0.004152312732037713,156,0.45227272727272727,96,0.07037964070479262,88,0.004740753053352304,112,0.003875480061493734,149,0.005410936334624515,70,15,96,12,157,76.79437955409352,88,55.5297202268062,165
69,normal,0.1407035175879397,130,133.23861967037723,137,0.005322361773857155,120,0.45642201834862384,80,0.06892341409186892,94,0.005488221905595608,58,0.003840425630507571,154,0.004994927703533137,97,15,103,13,149,77.4729547907201,84,55.76566487965713,164
70,normal,0.18090452261306533,21,172.4904721451113,35,0.008302486001025695,35,0.454337899543379,86,0.06680607400907725,108,0.0033989799381052206,181,0.00909921547431688,3,0.0034210227099883443,172,14,120,22,11,48.172986721927465,182,124.31748542318385,4
71,normal,0.16080402010050251,70,155.51038028661713,82,0.006694005613472048,75,0.46386946386946387,48,0.07429710136155987,63,0.004532698496025158,121,0.004856641308420121,99,0.005679849539405852,56,16,70,16,83,74.03609432094754,99,81.47428596566961,69
72,normal,0.12060301507537688,179,139.50075347831688,126,0.0034299150584265,184,0.4012096774193548,195,0.035067497158399755,196,0.0030479494107113684,191,0.0065989078995284025,29,0.0028076092886772162,189,7,197,17,61,39.94666592821327,192,99.55408755010362,27
73,normal,0.11557788944723618,185,111.08508019734754,187,0.0036017965332783394,178,0.4574712643678161,69,0.0678946108357296,100,0.004507814384673698,124,0.0033632588404403025,177,0.004123998804788072,145,13,150,10,186,61.60995187864966,156,49.475128318697884,178
74,normal,0.1658291457286432,50,171.59741690721447,37,0.007104805657573296,64,0.47836538461538464,24,0.08094231434241284,43,0.006087430080013184,36,0.003897644701527372,145,0.0074475607899533456,13,20,20,13,145,108.78315203067076,15,62.81426487654371,141
75,normal,0.19095477386934673,14,182.7138283234444,23,0.008901958606278047,25,0.4451901565995526,125,0.06548079774310549,117,0.004574958839666033,117,0.008001598948951081,10,0.004239661897221266,137,14,130,24,3,66.38038626214046,130,116.33344206130394,9
76,normal,0.1457286432160804,117,155.659148650338,81,0.006417968050768199,84,0.45642201834862384,77,0.06616562646758434,112,0.004904476283426556,106,0.005428554069680528,69,0.005339960328035478,74,14,134,15,94,72.46168113557185,101,83.19746751476615,57
77,normal,0.19095477386934673,8,197.4616545577127,9,0.00894596861688396,23,0.45642201834862384,78,0.06766507438208819,102,0.004482241646201446,129,0.007938637885693291,11,0.005561348995930004,63,16,67,22,6,80.00616484511187,73,117.45548971260084,8
78,normal,0.10552763819095477,194,103.0086953428636,193,0.0031428499335618724,194,0.41030927835051545,189,0.040750016541647074,190,0.002999669108620686,193,0.004308606387085967,133,0.0025004472006436916,192,8,190,13,141,40.45737829336834,189,62.55131704949526,143
79,normal,0.15577889447236182,82,154.99721266484437,85,0.006350064931987942,86,0.4451901565995526,123,0.0669063542472939,106,0.005281828518674807,72,0.005706125900162445,58,0.00498196675982535,99,14,122,17,52,74.32595112535715,98,80.67126153948723,71
80,normal,0.19597989949748745,5,187.34228058845744,18,0.010588034483308915,6,0.4627906976744186,50,0.08149573396552227,41,0.006126887933167125,33,0.006593934552528422,30,0.005900260744707426,51,18,31,21,14,91.53577406879653,33,95.80650651966091,34
81,normal,0.15075376884422112,94,134.6451289129193,134,0.005322951890580794,119,0.45537757437070936,84,0.07135166391921083,82,0.004371152592886474,141,0.0049260296157266495,95,0.004541721266360048,122,16,65,14,117,64.39147179068031,144,70.25365712223898,112
82,normal,0.1708542713567839,41,164.83808313813387,54,0.007275993399949711,60,0.49257425742574257,7,0.10057785763739431,10,0.00641635541378968,25,0.004917465053761776,96,0.0066344546476519274,27,21,15,13,140,94.92209893930152,27,69.91598419883236,115
83,normal,0.18090452261306533,27,200.28124996923128,8,0.006660584783189067,78,0.4061224489795918,191,0.0420506529700633,189,0.003687388625257956,176,0.010402111407839955,1,0.0033760148635721054,175,11,180,25,1,58.74933592090489,161,141.5319140483264,1
84,normal,0.1708542713567839,47,153.54360962223802,91,0.008961744786585436,22,0.46604215456674475,41,0.0778176920930746,48,0.005989310775098665,40,0.005307481386254922,77,0.003914135590912434,153,16,63,18,41,68.62966995494493,123,84.91393966729309,52
85,normal,0.1407035175879397,131,144.94641467701206,108,0.006140616207238027,94,0.44320712694877507,131,0.06902411714972317,93,0.004436634603150264,134,0.004761330445851522,107,0.005109820161182834,87,14,125,14,122,68.66481173659751,121,76.28160294041453,88
86,vulcano,0.12060301507537688,178,128.69576391391902,151,0.003699230339120078,172,0.42795698924731185,167,0.05786860543677508,147,0.004260746911319307,150,0.0038671707859395956,151,0.005282909291268638,77,12,160,12,158,69.81180265434094,115,58.88396125957809,156
87,normal,0.15577889447236182,76,181.10442116341778,24,0.005421189504613279,116,0.5076530612244898,2,0.11212787725797048,2,0.008205296170563333,3,0.0027362336102546435,190,0.00977616431645758,1,23,5,8,198,137.04702167095877,2,44.05739949245901,190
88,normal,0.1306532663316583,152,132.66950854896487,141,0.004469222770521932,151,0.4335511982570806,160,0.0562710536524372,155,0.004459442306916266,132,0.004715843509718009,109,0.003973955690591903,152,12,164,14,120,63.58120572054581,150,69.08830282841907,118
89,normal,0.12060301507537688,180,119.8596264997373,170,0.0038737719825775075,165,0.43544857768052514,153,0.0617193965155208,133,0.004534169266264015,120,0.0036731155133070408,166,0.004743358411951087,113,13,152,11,176,67.26957791018833,128,52.59004858954897,170
90,normal,0.16080402010050251,72,161.00776481022965,67,0.0066050892279052,79,0.4461883408071749,118,0.0642138930917014,124,0.005009741836541317,95,0.005075281844363363,86,0.005875855151307381,54,14,123,18,33,79.51624622769651,75,81.49151858253313,68
91,black_hole,0.11557788944723618,188,128.40422382845563,152,0.0038101261031415084,169,0.4344978165938865,158,0.05392766204512244,163,0.004327895652037716,146,0.0035823038829163874,172,0.00448525317752609,127,13,153,10,183,70.36399021104346,111,58.04023361741216,159
92,vulcano,0.1407035175879397,132,127.02205162099631,156,0.005159959621054896,133,0.4649532710280374,46,0.07301762743113534,70,0.005198074831076409,81,0.00378680933802803,161,0.0047372555417944774,114,16,83,12,155,74.7383715778234,96,52.28368004317291,172
93,normal,0.135678391959799,147,121.67530443704055,166,0.004049860316584504,159,0.40040241448692154,196,0.03849360431923302,193,0.002413389725789374,199,0.0054828144754573045,65,0.0028549626807579625,188,9,189,18,40,34.80314740927937,197,86.87215702776119,49
94,normal,0.19095477386934673,9,207.820774608143,6,0.009596715563132163,17,0.44819819819819817,116,0.06768544371012261,101,0.005829163805230688,42,0.008067697336821495,8,0.0050836985307096075,92,16,79,22,7,88.42265843458627,40,119.39811617355674,6
95,normal,0.12562814070351758,161,97.81364424310289,195,0.004132584972730391,157,0.44124168514412415,136,0.05893519006253461,144,0.003278545597525013,184,0.0028400792495725234,187,0.003694114888079305,163,12,159,13,144,50.24226308365492,181,47.57138115944797,184
96,normal,0.1457286432160804,121,151.79389484786543,94,0.005258450616845051,124,0.4392935982339956,142,0.05464924360822845,161,0.004345311472115317,145,0.0049942379913597255,91,0.005650362398491394,58,13,136,16,70,77.16091449043351,87,74.63298035743193,95
97,normal,0.10050251256281408,197,107.6713389206864,189,0.0031433167508064905,193,0.4326086956521739,163,0.05560698906448962,158,0.004490402184371514,126,0.0024292614609669944,195,0.004530214909216018,123,11,177,9,190,62.903505229645646,154,44.76783369104075,189
98,normal,0.15577889447236182,84,135.16548831876213,133,0.006348963942362664,87,0.4392935982339956,146,0.056543346200635135,151,0.0039876229360549225,167,0.00486208761162674,98,0.0037486085678792532,158,14,126,17,63,60.71195654690011,159,74.45353177186202,98
99,normal,0.12060301507537688,177,113.79934825067238,185,0.0036838752643619,174,0.4180672268907563,181,0.04403020965267374,184,0.003028628881453304,192,0.005473800195352893,67,0.003026017832901679,186,10,188,14,111,43.575322504604834,185,70.22402574606754,113
100,normal,0.16080402010050251,75,170.0423705202387,45,0.007036311534601718,67,0.4392935982339956,144,0.05742807642331312,149,0.004726622841217258,113,0.006918489967737158,21,0.003978990748415406,151,13,140,19,24,68.06213653142876,126,101.98023398880993,22
101,normal,0.1407035175879397,124,138.11673519632006,128,0.005094765905456659,136,0.42340425531914894,175,0.050142726967702916,172,0.003991559062687217,165,0.005028854544412026,90,0.004391631755811201,132,12,162,16,72,66.14298422408034,135,71.97375097223974,105
102,normal,0.16080402010050251,73,161.01190894694145,66,0.007052336028006404,66,0.45227272727272727,94,0.07483908365545788,60,0.005152924947775608,85,0.005174555084888662,83,0.005518073997644751,65,17,46,15,87,84.44490546485694,52,76.56700348208449,87
103,normal,0.15075376884422112,90,152.1306245919872,93,0.006402637017339133,85,0.4335511982570806,159,0.051364803667387604,169,0.0037735541473452633,174,0.006492901208501168,34,0.003310453501629004,176,11,175,19,26,54.04306910987169,171,98.08755548211552,30
104,normal,0.11055276381909548,191,117.590161445464,178,0.003608157474011777,177,0.43544857768052514,155,0.053071648090740525,166,0.004492939336866955,125,0.003918139276489864,142,0.0039979534486539944,150,11,173,11,168,59.43290631182242,160,58.157255133641584,158
105,normal,0.11055276381909548,190,117.77352010071394,175,0.003969110548854879,160,0.4261241970021413,169,0.04725089751617351,180,0.0040173288234124985,161,0.004407775108187877,126,0.003196792751080505,180,10,181,12,152,50.812447864634734,178,66.9610722360792,124
106,normal,0.15577889447236182,80,154.37966994194363,88,0.006885325645475752,71,0.43073593073593075,166,0.05207826088923464,168,0.003999472065261373,163,0.007711638937674617,12,0.003004600643706253,187,11,170,20,21,51.677972265719475,177,102.70169767622416,21
107,normal,0.15075376884422112,91,132.92824182418028,138,0.005597837695253279,110,0.45537757437070936,83,0.06599328985687344,114,0.004789574867289594,108,0.0044251629204056005,125,0.00440603763035965,131,16,62,14,113,71.95839540506313,105,60.96984641911715,147
108,normal,0.15075376884422112,88,160.52471748496816,70,0.0052621098947739555,123,0.45958429561200925,65,0.07372379449984999,67,0.005205934307838289,80,0.005199618347300536,82,0.006606215709996534,28,15,89,15,89,85.00617302989735,49,75.51854445507081,90
109,normal,0.18090452261306533,31,171.7283514466434,36,0.008275796353375896,37,0.44819819819819817,115,0.07143139859497448,81,0.0044848616418550835,128,0.006619475660952441,28,0.004807601409459855,108,17,44,19,28,72.9909990546033,100,98.73735239204008,28
110,normal,0.1457286432160804,103,131.52692537275533,145,0.006110267867685857,95,0.45227272727272727,93,0.06911438319670696,91,0.004404841452706219,138,0.004502886171684344,119,0.004139516427715876,142,15,87,14,121,63.77768898907113,147,67.7492363836842,122
111,black_hole,0.18592964824120603,20,179.91580877748123,26,0.009765156216619952,14,0.4877450980392157,14,0.10779884566543692,5,0.007726574030660491,7,0.004386338799217347,127,0.00735352277230071,16,24,2,13,123,116.097145039625,7,63.81866373785623,136
112,normal,0.16080402010050251,68,160.91168304808505,68,0.006754246784680685,74,0.4795180722891566,22,0.09338141506640647,20,0.0063128022927124135,29,0.004773018008396734,105,0.006015991184621437,46,19,27,13,148,92.22248852417762,32,68.68919452390743,119
113,normal,0.15577889447236182,81,141.0045300225733,122,0.0070682769718889114,65,0.4682352941176471,39,0.08059276633296639,44,0.006349786605848088,27,0.004069891834583553,138,0.005305079585288574,76,17,45,14,109,83.03091004850071,58,57.97361997407258,160
114,normal,0.18090452261306533,23,171.4996472764122,38,0.00785517324647075,44,0.4512471655328798,100,0.06811845199053874,98,0.004776291632202026,110,0.006542053019649928,33,0.005885154426145674,53,15,86,21,16,81.37206680846454,67,90.12758046794765,43
115,normal,0.19095477386934673,10,185.2748995219324,20,0.010443968588855181,7,0.47607655502392343,26,0.0968394103767435,14,0.005342590324348217,69,0.006738648672568489,23,0.006239676395526915,40,19,26,19,25,80.81433876622464,70,104.46056075570776,16
116,normal,0.16080402010050251,62,170.11493079542396,44,0.006959819929703808,70,0.4252136752136752,171,0.05780263002299383,148,0.00495676822799702,101,0.007478539405910503,15,0.0037326445131143655,160,13,151,19,27,65.13952006820577,140,104.9754107272182,15
117,normal,0.1708542713567839,40,162.71380418096317,62,0.007419525907375988,54,0.49014778325123154,10,0.09674039195180686,15,0.0069650497131176214,14,0.0032827199955839186,180,0.007987814401317026,8,20,21,14,106,113.00038205694459,10,49.71342212401859,177
118,normal,0.1457286432160804,105,155.0058989466977,84,0.005376339923291577,118,0.42430703624733473,174,0.04644963952999811,181,0.004173012473553692,154,0.006729672671687394,26,0.003426176987142471,171,11,166,18,31,55.14249721334439,169,99.86340173335331,25
119,normal,0.16080402010050251,65,162.4176467044098,63,0.007289018404293378,59,0.44419642857142855,127,0.062376406176677376,131,0.004311294005379173,147,0.0063182135566245065,38,0.004627010251374117,117,13,141,19,29,68.43764198390096,124,93.98000472050884,36
120,normal,0.09547738693467336,199,81.91914257181905,199,0.0026904850817467815,198,0.4094650205761317,190,0.04039874090099932,192,0.002521003349739807,198,0.003826197517513189,158,0.0015511172261841461,199,8,191,11,178,28.135594701803203,199,53.78354787001585,167
121,normal,0.15577889447236182,86,148.53045878110282,102,0.0064917011378725804,81,0.46386946386946387,49,0.07328178134773651,69,0.004782287135438965,109,0.005990341865020711,47,0.004202935930349007,138,15,85,16,69,66.91841154851002,129,81.61204723259279,66
122,normal,0.1708542713567839,45,150.23138024875175,98,0.008182668600199682,38,0.4512471655328798,99,0.07728689499418229,50,0.005144440347652505,86,0.005262252734330578,78,0.00442331702671244,129,16,72,18,39,71.87752948950397,106,78.35385075924779,81
123,normal,0.18592964824120603,15,185.51595011487316,19,0.01003151008346973,10,0.4574712643678161,71,0.06905663242699853,92,0.004978781161108496,99,0.008277611473438522,6,0.0037684609287313557,156,15,91,22,5,63.69066239448345,148,121.82528772038972,5
124,normal,0.1407035175879397,133,133.77066341326972,135,0.005057681098609377,138,0.4617169373549884,56,0.07214819739711593,77,0.005031061470422501,93,0.0038294410712374017,156,0.005402966884352495,71,16,81,12,163,75.87659301099222,90,57.894070402277485,161
125,normal,0.19095477386934673,13,180.76238726327534,25,0.00990144967605764,13,0.46604215456674475,42,0.07794613815643667,46,0.0050577122676217145,90,0.006734972289419825,25,0.005202444885303134,81,18,30,20,20,80.7531621476232,71,100.00922511565214,24
126,normal,0.18090452261306533,24,151.2074895928327,95,0.00888434535521397,26,0.4738095238095238,27,0.0836055673340958,31,0.006339227160078036,28,0.004197209564583231,136,0.005361700077479718,73,19,25,17,54,86.12345003531345,46,65.08403955751925,133
127,normal,0.18090452261306533,30,185.2272258962848,21,0.009323004767090654,20,0.45852534562211983,67,0.0752739828687064,58,0.005816652145495704,43,0.006887697827297647,22,0.005440376460881674,69,18,29,18,38,88.66919645342097,39,96.55802944286384,33
128,normal,0.1457286432160804,104,144.89989117273882,110,0.005946866348252186,100,0.4617169373549884,58,0.07452457518938023,61,0.005649702333602313,44,0.00463695921699557,113,0.004459371934742178,128,17,48,12,161,79.05827680073884,79,65.84161437199998,130
129,normal,0.12562814070351758,165,130.49283264481744,148,0.004792749753722854,143,0.454337899543379,88,0.06749901446020343,105,0.005467271332745261,60,0.0027783998526299705,188,0.005137318855524461,85,15,88,10,185,83.7474852003576,55,46.745347444459846,186
130,normal,0.15075376884422112,102,153.62939087130218,90,0.0063343726040701,88,0.45537757437070936,81,0.07341481745083284,68,0.005645480897454546,45,0.005493005002837741,63,0.0051066274969185955,88,16,75,14,110,81.76327553036425,64,71.86611534093791,106
131,normal,0.1306532663316583,150,143.05893196115505,113,0.004220330410232301,155,0.41372141372141374,187,0.04402187294812904,185,0.0034877261600561415,179,0.0062677645923195375,41,0.004113973334185596,146,11,179,15,96,60.90538462333407,158,82.153547337821,64
132,normal,0.12562814070351758,155,118.18287814441271,174,0.0033540646263780826,185,0.46386946386946387,47,0.07677340326099966,53,0.005302732570020273,70,0.0025446847347796293,192,0.006603792693855422,29,17,50,8,196,84.86983018365981,50,33.313047960752904,199
133,normal,0.17587939698492464,37,179.8588385354967,27,0.009603257766382973,16,0.46064814814814814,60,0.08245346205362471,36,0.006043550762574998,37,0.0065428439603726985,32,0.005028696318819999,95,17,51,18,30,82.44249325984198,62,97.4163452756547,32
134,normal,0.12562814070351758,168,104.12537927366958,191,0.00357274513217013,182,0.4795180722891566,23,0.08197817197171725,40,0.005003262465376736,97,0.0029216767754171942,186,0.004346237448222785,134,17,53,8,195,67.65679227541224,127,36.46858699825733,194
135,normal,0.1658291457286432,53,176.26499729705893,31,0.00788042893640762,43,0.44320712694877507,130,0.06516286619386961,118,0.005235423901045498,77,0.006029465159603408,46,0.005188035027715676,82,16,61,17,60,83.22022975038524,56,93.04476754667368,38
136,normal,0.15075376884422112,97,163.81572403857467,56,0.004648101920174891,146,0.4649532710280374,43,0.07791307259403804,47,0.005528841981615627,55,0.0053936704163740365,71,0.006642149128073878,26,17,55,13,147,91.52361450370655,34,72.29210953486812,104
137,normal,0.1457286432160804,106,141.15600932290823,121,0.006219163204855884,89,0.44124168514412415,137,0.06151476690942199,135,0.00417750121043876,153,0.004494539166477273,121,0.004521342137377839,124,14,112,15,97,66.23361083899775,134,74.92239848391047,93
138,normal,0.17587939698492464,36,168.38038358372984,48,0.007399169981519195,56,0.47044917257683216,33,0.08425565974951284,30,0.005633347204814038,47,0.00548348207737338,64,0.006133672308199179,41,18,28,17,53,89.16375510688806,37,79.21662847684176,75
139,normal,0.1407035175879397,123,138.2119102077661,127,0.004993933305790965,139,0.44026548672566373,138,0.05598214580148322,157,0.004384693950956942,139,0.00450002537708525,120,0.0041834268735116325,139,12,163,16,81,63.38862624414959,151,74.82328396361649,94
140,normal,0.12562814070351758,166,97.53792033290961,196,0.0035896304241625422,179,0.3940594059405941,199,0.029677341650009854,200,0.002559030388009739,196,0.003906052185628783,144,0.0024429102692634344,195,7,199,18,32,34.991489010891,196,62.5464313220186,144
141,normal,0.16080402010050251,69,154.27096210906393,89,0.00702626442072672,69,0.4627906976744186,55,0.08274524416410133,33,0.005246588556514314,74,0.005986172462896045,48,0.004541739473704663,121,17,56,15,103,72.00366104177262,104,82.26730106729131,63
142,normal,0.11557788944723618,183,112.0397164306595,186,0.0032400060875469854,191,0.4335511982570806,161,0.05423854669832561,162,0.0036408294219159535,177,0.0033123083877501826,178,0.0054549222317291915,67,12,161,11,169,65.20194233731091,138,46.83777409334859,185
143,normal,0.15577889447236182,78,176.43334722939437,30,0.00796522493864268,40,0.4806763285024155,20,0.08913659812174025,26,0.006445678850460459,24,0.004930756404260398,94,0.0061090355154324524,42,18,32,13,129,93.98601239984541,30,82.44733482954895,61
144,normal,0.1658291457286432,59,168.562115918121,47,0.007128075474050627,62,0.4649532710280374,45,0.07864513106832603,45,0.005044890504934666,92,0.006294447688844306,39,0.006295025003933566,38,16,76,17,55,78.69835742722633,80,89.86375849089468,44
145,normal,0.17587939698492464,32,167.90910180150456,49,0.007964752564789785,41,0.4693396226415094,34,0.09270943512570051,21,0.006040480803298872,38,0.004780482566863897,104,0.006407078118109042,36,20,19,15,99,94.36721157417533,28,73.54189022732922,100
146,normal,0.12562814070351758,162,124.20375950874538,160,0.0043856580700928766,153,0.4512471655328798,97,0.06852186119302085,96,0.004954647844294247,102,0.003153443837671005,182,0.00524199646697316,79,15,93,10,188,78.06336691467278,83,46.140392594072594,187
147,normal,0.1457286432160804,108,148.63995069515423,101,0.004454491367583772,152,0.48184019370460046,19,0.09024105509632097,24,0.006299231091609612,30,0.0027423626360545553,189,0.007421289568032387,14,21,13,8,199,105.9934560151509,20,42.64649468000332,192
148,normal,0.17587939698492464,35,172.96781544008235,34,0.008610305946850838,30,0.44026548672566373,139,0.056750903981153414,150,0.0052255772447260766,78,0.006558409987295069,31,0.0035391606178424226,170,13,137,22,8,68.81207065660088,120,104.15574478348147,17
149,normal,0.1457286432160804,120,138.04681765353035,129,0.0065747225068837935,80,0.4502262443438914,102,0.06805272921898402,99,0.005393807608107826,65,0.004266876622912611,134,0.0037227471367512546,162,14,116,15,92,66.25020626725261,133,71.79661138627773,108
150,normal,0.18592964824120603,18,184.27245436329878,22,0.007753152730898938,48,0.4795180722891566,21,0.09522103798708605,18,0.006506995181682831,21,0.005464601499803344,68,0.008088621098981766,6,22,10,15,90,111.67499216810631,11,72.59746219519248,103
151,normal,0.1306532663316583,154,130.50079812230615,147,0.003583514475952437,180,0.398,197,0.03544530343898331,195,0.0025512739765307367,197,0.005622051449671922,61,0.003376787919528928,174,8,195,18,34,43.22945371323169,187,87.27134440907447,48
152,normal,0.1708542713567839,49,176.18464153108653,32,0.00803316801509191,39,0.48894348894348894,11,0.09689464910149266,13,0.007965094698102904,5,0.004489413918816126,124,0.006793879699772998,23,21,12,13,127,109.80204399488399,13,66.38259753620254,129
153,normal,0.10050251256281408,196,100.34787136709144,194,0.0028148693149312866,197,0.4316702819956616,164,0.05287398344615207,167,0.004116136789726852,156,0.0022869488436866262,198,0.004014373330578376,149,11,178,9,192,62.14858990194696,155,38.19928146514447,193
154,normal,0.135678391959799,136,139.79677743453004,125,0.004990100792004916,140,0.4492099322799097,107,0.06679545349983362,109,0.0049326542484211195,104,0.005363244602734793,72,0.00455745913114281,120,15,92,12,159,69.89584755007355,114,69.90092988445647,116
155,normal,0.16080402010050251,63,164.59289812084904,55,0.00621864209725498,90,0.49014778325123154,9,0.09971636510753557,11,0.007233379883275096,11,0.003626415886068487,167,0.007650294377755767,12,22,11,10,182,111.38315440712623,12,53.20974371372282,169
156,normal,0.12562814070351758,159,117.25267478050739,180,0.00395056492947083,162,0.41286307053941906,188,0.04295583835083099,187,0.0031269776132223223,188,0.0049749849646885174,92,0.003135443366991706,181,10,185,15,100,47.26549212524988,183,69.98718265525751,114
157,normal,0.16080402010050251,64,141.4779235373502,120,0.007412262132469393,55,0.44419642857142855,126,0.06327656506954119,128,0.0036395280930815476,178,0.0063850126495044865,35,0.003655769944466524,164,14,121,18,36,53.8617036976967,172,87.6162198396535,46
158,normal,0.12562814070351758,157,123.19348747061932,162,0.004122750886498839,158,0.42430703624733473,173,0.050809042508693454,171,0.003988297243952498,166,0.004263312686706388,135,0.0036364784047238775,166,12,157,13,130,58.381958280182616,163,64.8115291904367,134
159,normal,0.15577889447236182,83,163.70314414633603,58,0.006826032039721708,73,0.4502262443438914,101,0.06564181590358523,115,0.0050185249487813164,94,0.004786238550460221,103,0.006822643076408698,22,14,118,17,65,79.94770808744723,74,83.7554360588888,55
160,normal,0.15075376884422112,96,145.89843774128002,106,0.005062265972844993,137,0.4392935982339956,141,0.061534155596170315,134,0.004263426186758488,149,0.005054017348135989,88,0.005647909315853926,59,13,135,17,66,70.94121798603692,108,74.9572197552431,92
161,normal,0.1708542713567839,44,169.5931931459021,46,0.008305633414982557,34,0.4975,3,0.10930546605255526,3,0.008283025038566887,2,0.0029371200127272655,185,0.007846721376343164,10,23,6,11,175,120.25161357415998,4,49.3415795717421,179
162,black_hole,0.135678391959799,138,137.27487785288207,130,0.005213774042715657,128,0.44819819819819817,111,0.07150474704881683,80,0.005284558274363015,71,0.004320768252997054,131,0.004897125764096957,104,14,115,13,132,71.6319944685913,107,65.64288338429077,131
163,normal,0.1457286432160804,107,149.16608854416108,100,0.005169113457147693,131,0.42430703624733473,172,0.05627356076991326,154,0.0039016040957169135,171,0.005838274647858222,52,0.004877378619372888,105,12,154,17,67,64.5399010648178,142,84.62618747934327,53
164,normal,0.1708542713567839,42,164.8685058599168,53,0.0078050596146834374,46,0.4693396226415094,35,0.08932230016485769,25,0.005563847707242048,54,0.005795856488960993,53,0.0055204259472688595,64,19,24,15,86,84.37681582385498,53,80.49169003606184,73
165,normal,0.18592964824120603,16,171.36253962046345,41,0.010000359501624338,11,0.4492099322799097,109,0.07113313308531014,83,0.005071383455205161,89,0.005725343409667894,56,0.005093452812498472,91,16,77,21,13,77.16291753487657,86,94.19962208558688,35
166,normal,0.23115577889447236,1,230.30300415017388,2,0.013837705133341892,2,0.49257425742574257,8,0.10819964338664474,4,0.007507081591679917,9,0.008102811019609489,7,0.00784225254030368,11,24,4,22,9,116.07542699812956,8,114.22757715204432,10
167,normal,0.11557788944723618,182,117.35276867704728,179,0.003313622278465549,188,0.3972055888223553,198,0.03425736622789868,198,0.003171701568549013,187,0.004877098429716031,97,0.0027313011508003984,190,7,198,16,78,40.15680958897428,191,77.195959088073,83
168,normal,0.15577889447236182,77,170.53948449190216,43,0.00610207080718106,96,0.47044917257683216,32,0.07513283943827409,59,0.006103628835179547,34,0.005337608659841063,74,0.006512415332667097,33,17,57,14,105,96.17131747540023,24,74.36816701650191,99
169,normal,0.10050251256281408,198,90.23343243724125,198,0.0025803507514219897,199,0.4171907756813417,184,0.04351908587957977,186,0.0026772212880629385,195,0.0039150577010733795,143,0.002462747877250598,194,8,193,12,156,34.205798724591105,198,56.027633712650136,163
170,normal,0.15075376884422112,98,160.18810524220862,72,0.0057224237263833865,107,0.43544857768052514,154,0.05627647232919014,153,0.004272393054528393,148,0.006333705912248906,37,0.004705161627369641,115,13,146,17,58,66.37916290726574,131,93.8089423349429,37
171,normal,0.18592964824120603,19,170.94036839089122,42,0.00948650658682261,19,0.4682352941176471,38,0.09074540978862099,23,0.006479261671095319,23,0.0057922070014030545,54,0.006104967283877414,43,20,22,17,57,95.87586351539291,25,75.06450487549832,91
172,normal,0.18090452261306533,26,167.34366659697093,51,0.008839474109123826,27,0.46064814814814814,63,0.0775318596746845,49,0.004726008951662372,114,0.007113224259366038,19,0.004990290141366211,98,15,84,21,12,69.20508658033793,117,98.13858001663301,29
173,normal,0.12562814070351758,163,131.42822913088762,146,0.003871978593791304,166,0.4617169373549884,57,0.07558848235374055,56,0.005588835397632346,50,0.0031148990343367205,183,0.005581276372852545,61,16,69,9,193,82.63715772396787,60,48.79107140691975,181
174,normal,0.15075376884422112,92,135.69792556394128,131,0.006485064357443818,82,0.44419642857142855,128,0.0627814118487323,129,0.004058848152056517,159,0.005589130318441763,62,0.0032496975622396986,178,14,108,16,75,53.15367969683869,175,82.54424586710259,60
175,normal,0.1457286432160804,110,163.16390771057382,59,0.0054471456544612565,114,0.48655256723716384,15,0.09515523970391863,19,0.007785687024923643,6,0.0025063647717668584,193,0.008230838134407264,5,20,18,9,194,120.23859326277615,5,42.925314447797675,191
176,normal,0.1658291457286432,61,167.80100200579574,50,0.007720699692500196,49,0.4627906976744186,52,0.08138340258598173,42,0.006166548861132732,32,0.004111459355405527,137,0.007002638353252042,21,18,36,15,95,95.14219085427018,26,72.65881115152555,101
177,normal,0.16080402010050251,66,159.8412962921625,73,0.006684877802435888,76,0.4392935982339956,140,0.05384559293545892,164,0.003993821845384458,164,0.0067376333896609075,24,0.003589509282114587,167,11,169,21,15,54.321366488194506,170,105.51992980396798,14
178,normal,0.1658291457286432,56,173.11638290166528,33,0.00796051744644897,42,0.4693396226415094,36,0.0826913908586449,34,0.005236768215469265,76,0.005730101223079802,55,0.006006994241264324,48,18,35,15,101,89.13995036653488,38,83.9764325351304,54
179,normal,0.17587939698492464,34,155.5064144385284,83,0.008727421838722308,29,0.44819819819819817,114,0.06033621315368459,138,0.005614657900812661,48,0.006106666681270407,45,0.0031322818793458537,182,14,132,21,17,65.18536618131597,139,90.32104825721244,42
180,normal,0.1457286432160804,115,160.3536681731283,71,0.0057851164486789125,104,0.4533029612756264,89,0.07086908935088279,85,0.005007899696223854,96,0.005174400772395122,84,0.00600424799278124,49,16,78,13,139,84.33075261868942,54,76.0229155544389,89
181,normal,0.10552763819095477,195,76.57140909709777,200,0.003324368945718104,186,0.43640350877192985,151,0.0530901847630303,165,0.0032924109623394308,182,0.002196139598887854,199,0.0030483058567507227,185,11,174,10,187,46.126392805446166,184,30.445016291651605,200
182,normal,0.16080402010050251,71,162.92691437089567,61,0.005384288463029296,117,0.4830097087378641,17,0.10554794275216513,7,0.006746892653100525,17,0.00382743591830187,157,0.00788260487721873,9,22,9,10,181,107.65287663845054,17,55.27403773244514,166
183,normal,0.12060301507537688,172,118.2452235324789,173,0.0037127531413854798,171,0.40529531568228105,192,0.036738792526434444,194,0.002773213296969282,194,0.004520458739090287,117,0.0030934362841711013,184,8,196,16,71,41.53658206175349,188,76.70864147072541,85
184,normal,0.21105527638190955,3,196.94014526710745,10,0.012339367550571466,4,0.4975,4,0.10758620798589627,6,0.007267085540357213,10,0.004626667176832064,114,0.008386214780971861,3,24,3,18,45,122.48591271022748,3,74.45423255687997,97
185,normal,0.135678391959799,134,132.8410572063098,139,0.004600355399490705,147,0.42071881606765327,177,0.047260917280786595,179,0.004372329610408372,140,0.005916923825226889,51,0.0032196056953329175,179,11,168,16,73,56.18540746789806,167,76.65564973841177,86
186,normal,0.19597989949748745,7,211.13743293186707,4,0.010348679116411358,8,0.49379652605459057,6,0.09861199292681744,12,0.006966178684403756,13,0.007334819758077034,16,0.007390930196763837,15,23,7,16,74,107.73618309942843,16,103.40124983243865,20
187,normal,0.135678391959799,135,117.62357180137553,177,0.0052850708675392655,121,0.4326086956521739,162,0.055281418191707093,159,0.0036906854188081474,175,0.003824917969743688,159,0.0032574865747469887,177,13,145,14,107,50.54980058205096,180,67.07377121932457,123
188,normal,0.12060301507537688,169,124.01515424969514,161,0.0029276465775631135,196,0.39250493096646943,200,0.03204030432564886,199,0.003264462553149096,185,0.005928318057791796,49,0.002137303313223897,198,6,200,18,46,36.57915079161731,195,87.43600345807783,47
189,normal,0.12562814070351758,160,122.57211893411616,165,0.003920131380043733,163,0.4392935982339956,143,0.059250290144777805,140,0.00410693064279873,157,0.004493663648253699,122,0.003849306271960344,154,12,156,13,124,58.02005048408283,165,64.55206845003333,135
190,normal,0.12562814070351758,158,122.73088967055953,163,0.004562778446124308,149,0.44222222222222224,134,0.06339470537487163,127,0.004020432975712547,160,0.004490215044268669,123,0.004179971834146732,140,12,155,13,137,55.98232405637468,168,66.74856561418486,126
191,normal,0.1708542713567839,46,187.59894146192994,17,0.008432730103282568,33,0.46064814814814814,62,0.07528232985351264,57,0.005925174724229528,41,0.007163376787015108,17,0.005580232861109939,62,16,66,18,49,85.84500912079353,47,101.75393234113639,23
192,normal,0.1457286432160804,116,120.75069058916344,169,0.006152055458352063,92,0.47607655502392343,25,0.08252066988972263,35,0.005001707337050596,98,0.0024728000897598066,194,0.005187156838880701,83,18,42,11,172,75.10175820618161,93,45.64893238298183,188
193,normal,0.11557788944723618,187,113.93321361669686,184,0.0036894526424734006,173,0.4171907756813417,185,0.0421925844987299,188,0.003110278716826509,189,0.003953809736088094,140,0.0035444185728477073,169,10,182,13,142,50.758452964164285,179,63.17476065253258,138
194,normal,0.1457286432160804,118,154.7335765760924,86,0.00475280287029066,144,0.4451901565995526,124,0.06429671864852678,123,0.003979515293056963,168,0.006643144308701097,27,0.004567680581898767,119,14,127,15,85,63.614759305020286,149,91.11881727107209,41
195,normal,0.12060301507537688,174,122.60281365805224,164,0.004683036025419165,145,0.42071881606765327,179,0.04873473423785764,176,0.004139000066792244,155,0.0038490285160951553,153,0.003752242792899512,157,10,183,14,108,53.33552736903031,174,69.26728628902192,117
196,normal,0.135678391959799,137,121.08313921243703,168,0.005617268639233418,109,0.43544857768052514,152,0.05483664946178225,160,0.004370111857284637,143,0.0039401905521900095,141,0.0034125068709854878,173,14,128,13,143,58.45058648686553,162,62.63255272557151,142
197,normal,0.15075376884422112,89,128.1181758016638,153,0.00598829295438468,98,0.4627906976744186,51,0.07686622917159043,51,0.004931249039740711,105,0.003772388726934381,163,0.004763393400750043,112,15,90,15,84,68.84872691121144,119,59.26944889045236,152
198,normal,0.1708542713567839,39,171.37353489799602,40,0.008533134502022213,31,0.471563981042654,30,0.08438586039569143,29,0.006798741582846564,16,0.005201154369246464,81,0.005449162549898626,68,17,52,17,64,87.90606488484116,43,83.46747001315485,56
199,normal,0.1658291457286432,51,171.37512637117612,39,0.0075486972585832755,51,0.4502262443438914,103,0.06391131962852196,125,0.0054002877433457315,63,0.005654402294314703,60,0.005887209669188651,52,15,94,18,42,88.41384425074862,41,82.96128212042748,59
